{
  "A,ss0,0": {
    "sg4": 0.04075164576942265,
    "decode_acc": 0.27587500000000004,
    "decode_norm": 0.03450000000000005,
    "sigma_within": 0.38245377294610117,
    "snr": 0.10655312786041135,
    "na_ratio": 0.8608208667673649,
    "write_rate": 1.0,
    "coll_site": 6.765625
  },
  "A,ss0,1": {
    "sg4": 0.03905548722539195,
    "decode_acc": 0.2936666666666667,
    "decode_norm": 0.05822222222222225,
    "sigma_within": 0.38578375866943293,
    "snr": 0.10123673261957479,
    "na_ratio": 1.4314154021000676,
    "write_rate": 1.0,
    "coll_site": 6.94
  },
  "A,ss0,2": {
    "sg4": 0.03331038196965938,
    "decode_acc": 0.27422916666666663,
    "decode_norm": 0.03230555555555551,
    "sigma_within": 0.3851622215549935,
    "snr": 0.08648403219603748,
    "na_ratio": 1.4074256760332717,
    "write_rate": 1.0,
    "coll_site": 6.769375
  },
  "A,ss0,3": {
    "sg4": 0.03922178704004277,
    "decode_acc": 0.28995833333333326,
    "decode_norm": 0.05327777777777768,
    "sigma_within": 0.3893711584749754,
    "snr": 0.10073110497875647,
    "na_ratio": 0.8274219319919799,
    "write_rate": 1.0,
    "coll_site": 7.2525
  },
  "A,ss0,4": {
    "sg4": 0.052357238961105806,
    "decode_acc": 0.29612499999999997,
    "decode_norm": 0.061499999999999964,
    "sigma_within": 0.4012420379945541,
    "snr": 0.13048792001653733,
    "na_ratio": 0.7300838148396508,
    "write_rate": 1.0,
    "coll_site": 6.961875
  },
  "A,ss5,0": {
    "sg4": 0.029402939296024926,
    "decode_acc": 0.285875,
    "decode_norm": 0.04783333333333332,
    "sigma_within": 0.1992136529104857,
    "snr": 0.14759500097735162,
    "na_ratio": 1.032880300016339,
    "write_rate": 0.6875775,
    "coll_site": 6.774375
  },
  "A,ss5,1": {
    "sg4": 0.02334062497764735,
    "decode_acc": 0.28279166666666666,
    "decode_norm": 0.04372222222222222,
    "sigma_within": 0.2028432293114022,
    "snr": 0.11506731112930142,
    "na_ratio": 1.0999579267541397,
    "write_rate": 0.6821191666666667,
    "coll_site": 6.970625
  },
  "A,ss5,2": {
    "sg4": 0.017336436888443933,
    "decode_acc": 0.2687291666666667,
    "decode_norm": 0.024972222222222246,
    "sigma_within": 0.19365093246249543,
    "snr": 0.08952415910417316,
    "na_ratio": 0.8857408525398754,
    "write_rate": 0.68588375,
    "coll_site": 6.771875
  },
  "A,ss5,3": {
    "sg4": 0.02332065555753223,
    "decode_acc": 0.28047916666666667,
    "decode_norm": 0.04063888888888889,
    "sigma_within": 0.19753422267908588,
    "snr": 0.11805881148715669,
    "na_ratio": 0.4651658443477328,
    "write_rate": 0.6796222916666667,
    "coll_site": 7.26
  },
  "A,ss5,4": {
    "sg4": 0.02903585336943205,
    "decode_acc": 0.2910000000000001,
    "decode_norm": 0.05466666666666679,
    "sigma_within": 0.2048975075303323,
    "snr": 0.1417091584929782,
    "na_ratio": 1.3884501930787445,
    "write_rate": 0.6786383333333333,
    "coll_site": 6.96375
  },
  "A,ss10,0": {
    "sg4": 0.028933834506060043,
    "decode_acc": 0.2873124999999999,
    "decode_norm": 0.049749999999999885,
    "sigma_within": 0.1900180711780012,
    "snr": 0.15226885699179635,
    "na_ratio": 1.1563983655924857,
    "write_rate": 0.679755,
    "coll_site": 6.774375
  },
  "A,ss10,1": {
    "sg4": 0.022509231645081926,
    "decode_acc": 0.27958333333333335,
    "decode_norm": 0.03944444444444447,
    "sigma_within": 0.1963612914823913,
    "snr": 0.11463171521817192,
    "na_ratio": 1.0742047918985815,
    "write_rate": 0.6751089583333333,
    "coll_site": 6.901875
  },
  "A,ss10,2": {
    "sg4": 0.017598263272287078,
    "decode_acc": 0.269875,
    "decode_norm": 0.026499999999999968,
    "sigma_within": 0.20057328352659726,
    "snr": 0.0877398174017201,
    "na_ratio": 0.7926039824424489,
    "write_rate": 0.677286875,
    "coll_site": 6.77875
  },
  "A,ss10,3": {
    "sg4": 0.02349387269063014,
    "decode_acc": 0.277,
    "decode_norm": 0.03600000000000003,
    "sigma_within": 0.18840333806886433,
    "snr": 0.1246998749143328,
    "na_ratio": 0.6316239451583351,
    "write_rate": 0.671994375,
    "coll_site": 7.255625
  },
  "A,ss10,4": {
    "sg4": 0.02946212926737012,
    "decode_acc": 0.2927708333333333,
    "decode_norm": 0.057027777777777754,
    "sigma_within": 0.20094134944393133,
    "snr": 0.14662054051543502,
    "na_ratio": 1.6500825093465656,
    "write_rate": 0.6710152083333333,
    "coll_site": 6.915625
  },
  "A,ss15,0": {
    "sg4": 0.02877010930416211,
    "decode_acc": 0.2880833333333333,
    "decode_norm": 0.050777777777777734,
    "sigma_within": 0.18158735319024683,
    "snr": 0.15843674572435681,
    "na_ratio": 0.7313855538593311,
    "write_rate": 0.6720845833333333,
    "coll_site": 6.774375
  },
  "A,ss15,1": {
    "sg4": 0.020923642361315876,
    "decode_acc": 0.2817916666666667,
    "decode_norm": 0.042388888888888955,
    "sigma_within": 0.18292697165983104,
    "snr": 0.11438248920572111,
    "na_ratio": 1.0097924642304366,
    "write_rate": 0.6668039583333333,
    "coll_site": 6.9725
  },
  "A,ss15,2": {
    "sg4": 0.016014129231078582,
    "decode_acc": 0.26487499999999997,
    "decode_norm": 0.019833333333333297,
    "sigma_within": 0.17802349611846943,
    "snr": 0.0899551440132467,
    "na_ratio": 0.7107090705149557,
    "write_rate": 0.669318125,
    "coll_site": 6.78375
  },
  "A,ss15,3": {
    "sg4": 0.021124531918791305,
    "decode_acc": 0.2843125,
    "decode_norm": 0.045750000000000034,
    "sigma_within": 0.1795662195955988,
    "snr": 0.11764201510933336,
    "na_ratio": 0.562466062762806,
    "write_rate": 0.663265,
    "coll_site": 7.285625
  },
  "A,ss15,4": {
    "sg4": 0.02884371766354523,
    "decode_acc": 0.29124999999999995,
    "decode_norm": 0.05499999999999994,
    "sigma_within": 0.18584797987845167,
    "snr": 0.1552005982653651,
    "na_ratio": 1.4357397111262917,
    "write_rate": 0.6622933333333333,
    "coll_site": 6.95375
  },
  "A,ss20,0": {
    "sg4": 0.028526106693325472,
    "decode_acc": 0.2890416666666667,
    "decode_norm": 0.0520555555555556,
    "sigma_within": 0.17399000089800365,
    "snr": 0.1639525636306424,
    "na_ratio": 0.7310348716115393,
    "write_rate": 0.6645620833333333,
    "coll_site": 6.774375
  },
  "A,ss20,1": {
    "sg4": 0.019412935006466396,
    "decode_acc": 0.2794583333333333,
    "decode_norm": 0.039277777777777745,
    "sigma_within": 0.1790801194611524,
    "snr": 0.1084036299779084,
    "na_ratio": 1.1428972931254557,
    "write_rate": 0.658883125,
    "coll_site": 6.980625
  },
  "A,ss20,2": {
    "sg4": 0.016882576053890378,
    "decode_acc": 0.2675833333333333,
    "decode_norm": 0.02344444444444438,
    "sigma_within": 0.1672066664858341,
    "snr": 0.10096831907907622,
    "na_ratio": 0.9174543505043141,
    "write_rate": 0.6602454166666667,
    "coll_site": 6.789375
  },
  "A,ss20,3": {
    "sg4": 0.021261056587954727,
    "decode_acc": 0.27931249999999996,
    "decode_norm": 0.03908333333333328,
    "sigma_within": 0.17404147202948708,
    "snr": 0.12216086395978402,
    "na_ratio": 0.45250911325263243,
    "write_rate": 0.6547664583333334,
    "coll_site": 7.260625
  },
  "A,ss20,4": {
    "sg4": 0.027543486312633318,
    "decode_acc": 0.2911458333333333,
    "decode_norm": 0.054861111111111104,
    "sigma_within": 0.18184806386226257,
    "snr": 0.15146428137665308,
    "na_ratio": 1.5946516479150294,
    "write_rate": 0.6543191666666667,
    "coll_site": 6.93875
  },
  "A,rand_p60,0": {
    "sg4": 0.03832247929497739,
    "decode_acc": 0.281875,
    "decode_norm": 0.04249999999999998,
    "sigma_within": 0.38631419679023904,
    "snr": 0.09920028726199191,
    "na_ratio": 0.7403844170562554,
    "write_rate": 0.5999079166666667,
    "coll_site": 6.77
  },
  "A,rand_p60,1": {
    "sg4": 0.04286637035619946,
    "decode_acc": 0.29324999999999996,
    "decode_norm": 0.05766666666666661,
    "sigma_within": 0.3721983675693249,
    "snr": 0.11517076400990732,
    "na_ratio": 1.9624526493945176,
    "write_rate": 0.600128125,