{
  "exp_a": {
    "ss0": {
      "sg4_mean": 0.04093930819312451,
      "sg4_se": 0.002793589346203265,
      "sg4_vals": [
        0.04075164576942265,
        0.03905548722539195,
        0.03331038196965938,
        0.03922178704004277,
        0.052357238961105806
      ],
      "decode_mean": 0.28597083333333334,
      "decode_se": 0.004089135333756727,
      "decode_vals": [
        0.27587500000000004,
        0.2936666666666667,
        0.27422916666666663,
        0.28995833333333326,
        0.29612499999999997
      ],
      "decode_norm": 0.04796111111111109,
      "sigma_within": 0.3888025899280114,
      "snr": 0.10509858353426349
    },
    "ss5": {
      "sg4_mean": 0.024487302017816102,
      "sg4_se": 0.001986591186383524,
      "sg4_vals": [
        0.029402939296024926,
        0.02334062497764735,
        0.017336436888443933,
        0.02332065555753223,
        0.02903585336943205
      ],
      "decode_mean": 0.281775,
      "decode_se": 0.003315522206229366,
      "decode_vals": [
        0.285875,
        0.28279166666666666,
        0.2687291666666667,
        0.28047916666666667,
        0.2910000000000001
      ],
      "decode_norm": 0.04236666666666669,
      "sigma_within": 0.19962790897876032,
      "snr": 0.12239088823819222
    },
    "ss10": {
      "sg4_mean": 0.02439946627628586,
      "sg4_se": 0.001968151425164895,
      "sg4_vals": [
        0.028933834506060043,
        0.022509231645081926,
        0.017598263272287078,
        0.02349387269063014,
        0.02946212926737012
      ],
      "decode_mean": 0.2813083333333333,
      "decode_se": 0.0035760167551807252,
      "decode_vals": [
        0.2873124999999999,
        0.27958333333333335,
        0.269875,
        0.277,
        0.2927708333333333
      ],
      "decode_norm": 0.041744444444444424,
      "sigma_within": 0.19525946673995712,
      "snr": 0.12519216100829125
    },
    "ss15": {
      "sg4_mean": 0.023135226095778623,
      "sg4_se": 0.002226951270196421,
      "sg4_vals": [
        0.02877010930416211,
        0.020923642361315876,
        0.016014129231078582,
        0.021124531918791305,
        0.02884371766354523
      ],
      "decode_mean": 0.2820625,
      "decode_se": 0.00410466367549022,
      "decode_vals": [
        0.2880833333333333,
        0.2817916666666667,
        0.26487499999999997,
        0.2843125,
        0.29124999999999995
      ],
      "decode_norm": 0.042749999999999996,
      "sigma_within": 0.18159040408851956,
      "snr": 0.1271233984636046
    },
    "ss20": {
      "sg4_mean": 0.022725232130854055,
      "sg4_se": 0.0020407593816429525,
      "sg4_vals": [
        0.028526106693325472,
        0.019412935006466396,
        0.016882576053890378,
        0.021261056587954727,
        0.027543486312633318
      ],
      "decode_mean": 0.2813083333333333,
      "decode_se": 0.0037542633172908415,
      "decode_vals": [
        0.2890416666666667,
        0.2794583333333333,
        0.2675833333333333,
        0.27931249999999996,
        0.2911458333333333
      ],
      "decode_norm": 0.041744444444444424,
      "sigma_within": 0.17523326454734797,
      "snr": 0.12938993160481282
    },
    "rand_p60": {
      "sg4_mean": 0.041144817571074466,
      "sg4_se": 0.002859021021166596,
      "sg4_vals": [
        0.03832247929497739,
        0.04286637035619946,
        0.032287569165457414,
        0.04040594051071063,
        0.051841728528027424
      ],
      "decode_mean": 0.2882958333333333,
      "decode_se": 0.0037601824719316773,
      "decode_vals": [
        0.281875,
        0.29324999999999996,
        0.27749999999999997,
        0.2875,
        0.30135416666666665
      ],
      "decode_norm": 0.05106111111111108,
      "sigma_within": 0.3815014355967133,
      "snr": 0.10750705618053354
    }
  },
  "exp_b": {
    "2": {
      "delta": 10.0,
      "sg4_mean": 0.017437951645531823,
      "sg4_se": 0.00130852890942692,
      "sg4_vals": [
        0.02274375965523406,
        0.0176528911421818,
        0.017304839150801832,
        0.014547441992409977,
        0.014940826287031425
      ],
      "decode_mean": 0.5335125,
      "decode_norm": 0.06702500000000007,
      "decode_vals": [
        0.5397500000000001,
        0.5404375,
        0.5315416666666667,
        0.5294166666666666,
        0.5264166666666668
      ],
      "na_ratio": NaN
    },
    "4": {
      "delta": 5.0,
      "sg4_mean": 0.02439946627628586,
      "sg4_se": 0.001968151425164895,
      "sg4_vals": [
        0.028933834506060043,
        0.022509231645081926,
        0.017598263272287078,
        0.02349387269063014,
        0.02946212926737012
      ],
      "decode_mean": 0.2813083333333333,
      "decode_norm": 0.041744444444444424,
      "decode_vals": [
        0.2873124999999999,
        0.27958333333333335,
        0.269875,
        0.277,
        0.2927708333333333
      ],
      "na_ratio": 1.0609827188876833
    },
    "5": {
      "delta": 4.0,
      "sg4_mean": 0.021693813642971013,
      "sg4_se": 0.001396007651801776,
      "sg4_vals": [
        0.018984599593600805,
        0.022135136733510044,
        0.02756515360029498,
        0.019559469221860703,
        0.020224709065588525
      ],
      "decode_mean": 0.2258208333333333,
      "decode_norm": 0.03227604166666664,
      "decode_vals": [
        0.22327083333333334,
        0.2272708333333333,
        0.2277708333333333,
        0.22445833333333334,
        0.2263333333333333
      ],
      "na_ratio": 0.971395343710763
    },
    "8": {
      "delta": 2.5,
      "sg4_mean": 0.02893580664696862,
      "sg4_se": 0.0010170262570756167,
      "sg4_vals": [
        0.03059650389715939,
        0.030361338255449753,
        0.02510221791109205,
        0.031054884602799915,
        0.027564088568342002
      ],
      "decode_mean": 0.1474166666666667,
      "decode_norm": 0.02561904761904763,
      "decode_vals": [
        0.1501666666666667,
        0.14766666666666667,
        0.1411875,
        0.15104166666666666,
        0.14702083333333335
      ],
      "na_ratio": 0.9705353144634946
    },
    "10": {
      "delta": 2.0,
      "sg4_mean": 0.03273290547641976,
      "sg4_se": 0.0014962376739973931,
      "sg4_vals": [
        0.03176210875031696,
        0.030460506868254373,
        0.03223051014602614,
        0.039220612071593226,
        0.02999078954590812
      ],
      "decode_mean": 0.1201125,
      "decode_norm": 0.022347222222222216,
      "decode_vals": [
        0.1179375,
        0.11762500000000001,
        0.12274999999999998,
        0.12333333333333335,
        0.11891666666666666
      ],
      "na_ratio": 1.0356372963392897
    }
  }
}