{
  "A|A1_deep_sub|3": {
    "sg4": 0.03460459623704324,
    "sigma_w": 0.18451769567022142,
    "snr": 0.18754079987477287,
    "na": 0.9430595627528806,
    "coll_site": 0.0007375
  },
  "A|A2_near_thresh|0": {
    "sg4": 0.021375301711695983,
    "sigma_w": 0.17932397349929025,
    "snr": 0.11919935351968199,
    "na": 0.9119266053757639,
    "coll_site": 0.001055625
  },
  "A|A2_near_thresh|4": {
    "sg4": 0.007654028979432487,
    "sigma_w": 0.19491010489644714,
    "snr": 0.039269533939756275,
    "na": 1.139971119663638,
    "coll_site": 0.00119875
  },
  "A|A2_near_thresh|1": {
    "sg4": 0.028470682283834814,
    "sigma_w": 0.19309271890728155,
    "snr": 0.14744565432063622,
    "na": 1.1684033912938554,
    "coll_site": 0.001154375
  },
  "A|A1_deep_sub|0": {
    "sg4": 0.011553820842341798,
    "sigma_w": 0.1320084975714294,
    "snr": 0.08752331141478267,
    "na": 1.1390655456280743,
    "coll_site": 0.0005165625
  },
  "A|A1_deep_sub|1": {
    "sg4": 0.009968183808280313,
    "sigma_w": 0.14623373152095087,
    "snr": 0.06816610439057402,
    "na": 0.920776615626669,
    "coll_site": 0.0005603125
  },
  "A|A2_near_thresh|3": {
    "sg4": 0.0328225113746542,
    "sigma_w": 0.19225129611738165,
    "snr": 0.17072712661772627,
    "na": 1.099532491096127,
    "coll_site": 0.0013840625
  },
  "A|A1_deep_sub|2": {
    "sg4": 0.014125378202405696,
    "sigma_w": 0.18658705317118035,
    "snr": 0.075703956744773,
    "na": 1.1391711711084231,
    "coll_site": 0.0006634375
  },
  "A|A1_deep_sub|4": {
    "sg4": 0.0165703282893714,
    "sigma_w": 0.1600850671479213,
    "snr": 0.10350951893632987,
    "na": 0.5815347048062757,
    "coll_site": 0.0005565625
  },
  "A|A3_optimal|1": {
    "sg4": 0.0239114772686012,
    "sigma_w": 0.19990456793220024,
    "snr": 0.1196144616200618,
    "na": 0.9489594359021537,
    "coll_site": 0.002325625
  },
  "A|A3_optimal|0": {
    "sg4": 0.017779578521846338,
    "sigma_w": 0.18721970838154053,
    "snr": 0.09496638294945324,
    "na": 1.0049781223330065,
    "coll_site": 0.00210875
  },
  "A|A2_near_thresh|2": {
    "sg4": 0.009682498655406812,
    "sigma_w": 0.21360962513809656,
    "snr": 0.04532800733650073,
    "na": 1.013570865060479,
    "coll_site": 0.001299375
  },
  "A|A3_optimal|2": {
    "sg4": 0.01846528835100057,
    "sigma_w": 0.2161534814533428,
    "snr": 0.08542674504637272,
    "na": 0.5521836705263093,
    "coll_site": 0.0025734375
  },
  "A|A3_optimal|3": {
    "sg4": 0.03644183008644987,
    "sigma_w": 0.19043683437489972,
    "snr": 0.19135914649111097,
    "na": 0.8463674972878161,
    "coll_site": 0.0026328125
  },
  "A|A3_optimal|4": {
    "sg4": 0.007659514485698688,
    "sigma_w": 0.21588774919026452,
    "snr": 0.03547915300626097,
    "na": 1.7758323689400637,
    "coll_site": 0.002395625
  },
  "A|A4_over|3": {
    "sg4": 0.04286833273554801,
    "sigma_w": 0.22760676403487712,
    "snr": 0.18834384345879598,
    "na": 1.3789140249200083,
    "coll_site": 0.003693125
  },
  "A|A4_over|0": {
    "sg4": 0.02380556031637733,
    "sigma_w": 0.21098979179070199,
    "snr": 0.11282801937636874,
    "na": 0.9693624114109695,
    "coll_site": 0.0031140625
  },
  "A|A4_over|2": {
    "sg4": 0.023379805167133505,
    "sigma_w": 0.22949924762328747,
    "snr": 0.1018731233729811,
    "na": 0.4585410008495223,
    "coll_site": 0.0036528125
  },
  "A|A4_over|1": {
    "sg4": 0.027850389101366068,
    "sigma_w": 0.2220613849304978,
    "snr": 0.12541752412326376,
    "na": 0.7185101967711398,
    "coll_site": 0.0033690625
  },
  "A|A4_over|4": {
    "sg4": 0.010969877289270942,
    "sigma_w": 0.232922414762035,
    "snr": 0.04709670084984439,
    "na": 1.5444894231598576,
    "coll_site": 0.0034978125
  },
  "A|A5_strong_over|0": {
    "sg4": 0.022350832390347918,
    "sigma_w": 0.21289651329897774,
    "snr": 0.10498449243722414,
    "na": 0.6483788512803524,
    "coll_site": 0.0047153125
  },
  "A|A5_strong_over|1": {
    "sg4": 0.021532640815995836,
    "sigma_w": 0.22892894900006322,
    "snr": 0.09405818228777126,
    "na": 1.0048624132618036,
    "coll_site": 0.00510625
  },
  "A|A5_strong_over|2": {
    "sg4": 0.0121878376008179,
    "sigma_w": 0.23220570547795338,
    "snr": 0.052487244341095945,
    "na": 0.4460071950354562,
    "coll_site": 0.0055571875
  },
  "A|A5_strong_over|3": {
    "sg4": 0.036812916207168415,
    "sigma_w": 0.231794915224313,
    "snr": 0.15881675476592638,
    "na": 1.5363308177339763,
    "coll_site": 0.0055940625
  },
  "A|A5_strong_over|4": {
    "sg4": 0.014340939735865936,
    "sigma_w": 0.24417781844596675,
    "snr": 0.05873154173928125,
    "na": 0.7268531463088806,
    "coll_site": 0.00526375
  },
  "A|A6_extreme|0": {
    "sg4": 0.016006628697645478,
    "sigma_w": 0.24000053720397513,
    "snr": 0.06669413695537495,
    "na": 0.9320049385900878,
    "coll_site": 0.0078059375
  },
  "A|A6_extreme|1": {
    "sg4": 0.03510224680992242,
    "sigma_w": 0.26258639390913546,
    "snr": 0.1336788486537847,
    "na": 0.8534977579281825,
    "coll_site": 0.0083646875
  },
  "A|A6_extreme|2": {
    "sg4": 0.017956219776232376,
    "sigma_w": 0.2528719164496531,
    "snr": 0.07100914972425364,
    "na": 0.6065269283732453,
    "coll_site": 0.00910625
  },
  "A|A6_extreme|4": {
    "sg4": 0.017901091254661123,
    "sigma_w": 0.26356503087091016,
    "snr": 0.06791906800196414,
    "na": 0.5093075393659753,
    "coll_site": 0.008678125
  },
  "A|A6_extreme|3": {
    "sg4": 0.03719398041867416,
    "sigma_w": 0.2442992225629948,
    "snr": 0.15224764134926114,
    "na": 1.3790531504074253,
    "coll_site": 0.00908125
  },
  "B|2|2": {
    "sg4": 0.00948263169852154,
    "sigma_w": 0.19299708834038953,
    "snr": 0.049133547972480256,
    "na": 1.3174638834119987,
    "coll_site": 0.002353203125
  },
  "B|1|2": {
    "sg4": 0.005049873777377729,
    "sigma_w": 0.108614871432333,
    "snr": 0.046493391842053575,
    "na": 0.836861759431328,
    "coll_site": 0.000822734375
  },
  "B|2|1": {
    "sg4": 0.007373871147090986,
    "sigma_w": 0.19505994462655846,
    "snr": 0.037803102842094184,
    "na": 0.6927064903149378,
    "coll_site": 0.00235015625
  },
  "B|1|1": {
    "sg4": 0.005395185744711769,
    "sigma_w": 0.11546351604587982,
    "snr": 0.04672632472553472,
    "na": 0.5912373355705693,
    "coll_site": 0.00083140625
  },
  "B|2|3": {
    "sg4": 0.013742523247362833,
    "sigma_w": 0.19646318186105255,
    "snr": 0.06994961151083338,
    "na": 0.6154167247618786,
    "coll_site": 0.002454140625
  },
  "B|2|4": {
    "sg4": 0.005067850881699156,
    "sigma_w": 0.1947714378516956,
    "snr": 0.026019476662476348,
    "na": 0.8848335183550164,
    "coll_site": 0.002348671875
  },
  "B|1|0": {
    "sg4": 0.005190373553526817,
    "sigma_w": 0.11173256148099214,
    "snr": 0.046453544828199425,
    "na": 0.688467352181478,
    "coll_site": 0.0008165625
  },
  "B|1|4": {
    "sg4": 0.0020305549011645388,
    "sigma_w": 0.11596389178269184,
    "snr": 0.017510234176769918,
    "na": 0.9280710252775751,
    "coll_site": 0.00079078125
  },
  "B|1|3": {
    "sg4": 0.005278573021452046,
    "sigma_w": 0.11065967060812021,
    "snr": 0.04770096451981219,
    "na": 0.6936490079747022,
    "coll_site": 0.00085375
  },
  "B|2|0": {
    "sg4": 0.009101635715645123,
    "sigma_w": 0.1977505153741835,
    "snr": 0.04602585079701567,
    "na": 0.814770669667033,
    "coll_site": 0.00239875
  },
  "B|4|0": {
    "sg4": 0.018023050605114565,
    "sigma_w": 0.260940823365674,
    "snr": 0.06906949389002903,
    "na": 0.9757005477077234,
    "coll_site": 0.007999765625
  },
  "B|4|1": {
    "sg4": 0.012067754916262927,
    "sigma_w": 0.25030815714222227,
    "snr": 0.048211592678564466,
    "na": 1.3982032880163657,
    "coll_site": 0.007823828125
  },
  "B|4|2": {
    "sg4": 0.006960352431059702,
    "sigma_w": 0.2535283041930849,
    "snr": 0.027453946229840907,
    "na": 0.8917244133181904,
    "coll_site": 0.007931640625
  },