{
  "A|A1_deep_sub": {
    "supp_amp": 0.06,
    "exc_amp": 0.12,
    "sg4": 0.01736446147588849,
    "sigma_w": 0.1618864090163407,
    "snr": 0.1044887382722465,
    "na": 0.9447215199844647,
    "coll_site": 0.000606875
  },
  "A|A2_near_thresh": {
    "supp_amp": 0.12,
    "exc_amp": 0.24,
    "sg4": 0.020001004601004856,
    "sigma_w": 0.19463754371169945,
    "snr": 0.10439393514686028,
    "na": 1.0666808944979729,
    "coll_site": 0.0012184375000000001
  },
  "A|A3_optimal": {
    "supp_amp": 0.25,
    "exc_amp": 0.5,
    "sg4": 0.02085153774271933,
    "sigma_w": 0.20192046826644955,
    "snr": 0.10536917782265194,
    "na": 1.02566421899787,
    "coll_site": 0.00240725
  },
  "A|A4_over": {
    "supp_amp": 0.45,
    "exc_amp": 0.9,
    "sg4": 0.025774792921939172,
    "sigma_w": 0.22461592062827984,
    "snr": 0.11511184223625079,
    "na": 1.0139634114222995,
    "coll_site": 0.0034653750000000006
  },
  "A|A5_strong_over": {
    "supp_amp": 0.8,
    "exc_amp": 1.6,
    "sg4": 0.0214450333500392,
    "sigma_w": 0.2300007802894548,
    "snr": 0.0938156431142598,
    "na": 0.8724864847240938,
    "coll_site": 0.0052473125
  },
  "A|A6_extreme": {
    "supp_amp": 1.2,
    "exc_amp": 2.4,
    "sg4": 0.02483203339142711,
    "sigma_w": 0.2526646201993337,
    "snr": 0.09830976893692771,
    "na": 0.8560780629329832,
    "coll_site": 0.00860725
  },
  "B|1": {
    "r_wave": 1,
    "delta": 20.0,
    "sg4": 0.00458891219964658,
    "sigma_w": 0.1124869022700034,
    "snr": 0.04097689201847397,
    "na": 0.7476572960871306,
    "coll_site": 0.0008230468750000001
  },
  "B|2": {
    "r_wave": 2,
    "delta": 10.0,
    "sg4": 0.008953702538063928,
    "sigma_w": 0.19540843361077592,
    "snr": 0.045786317956979974,
    "na": 0.865038257302173,
    "coll_site": 0.002380984375
  },
  "B|4": {
    "r_wave": 4,
    "delta": 5.0,
    "sg4": 0.013173423780799132,
    "sigma_w": 0.2545973075920809,
    "snr": 0.051523339857861936,
    "na": 1.001587787201234,
    "coll_site": 0.007968859375
  },
  "B|8": {
    "r_wave": 8,
    "delta": 2.5,
    "sg4": 0.012101049905450465,
    "sigma_w": 0.18725039067181593,
    "snr": 0.06460644042069244,
    "na": 1.2735699518100256,
    "coll_site": 0.02758575
  },
  "B|16": {
    "r_wave": 16,
    "delta": 1.25,
    "sg4": 0.006258367002668644,
    "sigma_w": 0.0870415961809217,
    "snr": 0.07160356370620913,
    "na": 1.0644778144910636,
    "coll_site": 0.075419609375
  },
  "C|sub_thresh|C_ref": {
    "supp_amp": 0.06,
    "exc_amp": 0.12,
    "write_mode": "C_ref",
    "sg4": 0.01736446147588849,
    "sigma_w": 0.1618864090163407,
    "snr": 0.1044887382722465,
    "na": 0.9447215199844647,
    "coll_site": 0.000606875
  },
  "C|sub_thresh|C_perturb": {
    "supp_amp": 0.06,
    "exc_amp": 0.12,
    "write_mode": "C_perturb",
    "sg4": 0.0068528528551983475,
    "sigma_w": 0.011533147867577545,
    "snr": 0.6105995028955247,
    "na": 1.49316184701187,
    "coll_site": 0.000609
  },
  "C|optimal|C_ref": {
    "supp_amp": 0.25,
    "exc_amp": 0.5,
    "write_mode": "C_ref",
    "sg4": 0.02085153774271933,
    "sigma_w": 0.20192046826644955,
    "snr": 0.10536917782265194,
    "na": 1.02566421899787,
    "coll_site": 0.00240725
  },
  "C|optimal|C_perturb": {
    "supp_amp": 0.25,
    "exc_amp": 0.5,
    "write_mode": "C_perturb",
    "sg4": 0.004846976915176103,
    "sigma_w": 0.009291255147046918,
    "snr": 0.5222590714141366,
    "na": 1.3900867084420512,
    "coll_site": 0.0024053125000000003
  },
  "C|over_pert|C_ref": {
    "supp_amp": 0.8,
    "exc_amp": 1.6,
    "write_mode": "C_ref",
    "sg4": 0.0214450333500392,
    "sigma_w": 0.2300007802894548,
    "snr": 0.0938156431142598,
    "na": 0.8724864847240938,
    "coll_site": 0.0052473125
  },
  "C|over_pert|C_perturb": {
    "supp_amp": 0.8,
    "exc_amp": 1.6,
    "write_mode": "C_perturb",
    "sg4": 0.003590648215219874,
    "sigma_w": 0.010048815381493418,
    "snr": 0.36063194175585994,
    "na": 1.251618147033046,
    "coll_site": 0.0052478125
  }
}