{
  "A": {
    "pc0.0010": {
      "pc": 0.001,
      "absM": 0.00013200698540451368,
      "absM_se": 1.0544140024976751e-05,
      "U4": 0.0643318433211255,
      "U4_se": 0.07817272268089409,
      "chi": 0.00033210834070724276
    },
    "pc0.0020": {
      "pc": 0.002,
      "absM": 0.0001304188860195123,
      "absM_se": 9.360289445177118e-06,
      "U4": 0.05482197379064028,
      "U4_se": 0.08102217287779916,
      "chi": 0.0003295360442179093
    },
    "pc0.0030": {
      "pc": 0.003,
      "absM": 0.00013068465471792346,
      "absM_se": 9.000541443560905e-06,
      "U4": 0.05023356299327628,
      "U4_se": 0.08040614749908881,
      "chi": 0.0003312653258410525
    },
    "pc0.0050": {
      "pc": 0.005,
      "absM": 0.00013521105415696723,
      "absM_se": 8.12370959617094e-06,
      "U4": 0.037909814969688316,
      "U4_se": 0.07752034791135794,
      "chi": 0.0003322257243364687
    },
    "pc0.0070": {
      "pc": 0.007,
      "absM": 0.00014183358095585404,
      "absM_se": 7.772687125414179e-06,
      "U4": 0.036489183197714735,
      "U4_se": 0.0702571186535025,
      "chi": 0.00032481248253507527
    },
    "pc0.0100": {
      "pc": 0.01,
      "absM": 0.00016280960156805232,
      "absM_se": 8.913540081828678e-06,
      "U4": 0.08277804390351327,
      "U4_se": 0.07172019822734557,
      "chi": 0.00032580326980861783
    },
    "pc0.0150": {
      "pc": 0.015,
      "absM": 0.00021330314994231329,
      "absM_se": 1.2540921236842065e-05,
      "U4": 0.2031323552942186,
      "U4_se": 0.09090327088382096,
      "chi": 0.00032611543706204284
    },
    "pc0.0200": {
      "pc": 0.02,
      "absM": 0.0002759124070737314,
      "absM_se": 1.6308146492915617e-05,
      "U4": 0.32054404958193944,
      "U4_se": 0.08298159314896572,
      "chi": 0.0003347546642324684
    },
    "pc0.0300": {
      "pc": 0.03,
      "absM": 0.00040736907151991676,
      "absM_se": 1.8308228939085214e-05,
      "U4": 0.4612775150426587,
      "U4_se": 0.05359008210686457,
      "chi": 0.0003556424065677406
    },
    "pc0.0500": {
      "pc": 0.05,
      "absM": 0.0006962557560816555,
      "absM_se": 1.7928013272800765e-05,
      "U4": 0.5835887165757505,
      "U4_se": 0.021578945051125297,
      "chi": 0.0003764567629935157
    }
  },
  "B": {
    "L80_pc0.0030": {
      "L": 80,
      "pc": 0.003,
      "absM": 0.00028418183135405645,
      "absM_se": 3.399691545828339e-05,
      "U4": 0.10223765652280192,
      "U4_se": 0.060377882690837784,
      "chi": 0.00037153472741755173
    },
    "L80_pc0.0050": {
      "L": 80,
      "pc": 0.005,
      "absM": 0.0002967257031637803,
      "absM_se": 3.485706201761106e-05,
      "U4": 0.10650570779980892,
      "U4_se": 0.05397962128071255,
      "chi": 0.00039213849979392266
    },
    "L80_pc0.0070": {
      "L": 80,
      "pc": 0.007,
      "absM": 0.00030324822867060615,
      "absM_se": 3.206064074351045e-05,
      "U4": 0.09487034163019681,
      "U4_se": 0.061883842266909135,
      "chi": 0.0003861483507615394
    },
    "L80_pc0.0100": {
      "L": 80,
      "pc": 0.01,
      "absM": 0.0003220455339726792,
      "absM_se": 3.319477753295703e-05,
      "U4": 0.0969378609700367,
      "U4_se": 0.08399751390031576,
      "chi": 0.0003969594626645974
    },
    "L80_pc0.0200": {
      "L": 80,
      "pc": 0.02,
      "absM": 0.00039522837316689817,
      "absM_se": 3.46627358678328e-05,
      "U4": 0.2256358862664151,
      "U4_se": 0.07758482274176608,
      "chi": 0.0003728892669595304
    },
    "L100_pc0.0030": {
      "L": 100,
      "pc": 0.003,
      "absM": 0.00026094525059935285,
      "absM_se": 1.5993034115530924e-05,
      "U4": 0.12475784038386778,
      "U4_se": 0.03964016584130795,
      "chi": 0.0004276483078128389
    },
    "L100_pc0.0050": {
      "L": 100,
      "pc": 0.005,
      "absM": 0.0002661477518839564,
      "absM_se": 2.1409125162490647e-05,
      "U4": 0.13379450570402615,
      "U4_se": 0.033136721801275956,
      "chi": 0.0004229371146900258
    },
    "L100_pc0.0070": {
      "L": 100,
      "pc": 0.007,
      "absM": 0.0002739489168973792,
      "absM_se": 2.3871763614013055e-05,
      "U4": 0.13269080006073583,
      "U4_se": 0.02867407609659564,
      "chi": 0.00042496597323312833
    },
    "L100_pc0.0100": {
      "L": 100,
      "pc": 0.01,
      "absM": 0.00029053930051947446,
      "absM_se": 2.7031078147474175e-05,
      "U4": 0.1463671656760697,
      "U4_se": 0.02402358454863384,
      "chi": 0.00043179544640540256
    },
    "L100_pc0.0200": {
      "L": 100,
      "pc": 0.02,
      "absM": 0.0003684071003284355,
      "absM_se": 4.053968216366967e-05,
      "U4": 0.23486942428570518,
      "U4_se": 0.026486300641391458,
      "chi": 0.0004165371228257964
    },
    "L120_pc0.0030": {
      "L": 120,
      "pc": 0.003,
      "absM": 0.0001885127838288052,
      "absM_se": 3.652899101302232e-06,
      "U4": 0.01376997710979383,
      "U4_se": 0.09718357518339482,
      "chi": 0.0003906300448144707
    },
    "L120_pc0.0050": {
      "L": 120,
      "pc": 0.005,
      "absM": 0.00019431246330300705,
      "absM_se": 5.2760490266830615e-06,
      "U4": 0.014770254364498414,
      "U4_se": 0.09928766425679587,
      "chi": 0.00040590137300923815
    },
    "L120_pc0.0070": {
      "L": 120,
      "pc": 0.007,
      "absM": 0.00020388593915008144,
      "absM_se": 5.841363797128529e-06,
      "U4": 0.019784007525747882,
      "U4_se": 0.10205929553306337,
      "chi": 0.00041634815597559754
    },
    "L120_pc0.0100": {
      "L": 120,
      "pc": 0.01,
      "absM": 0.00021602616281958393,
      "absM_se": 1.0500354662414127e-05,
      "U4": 0.058805575102946706,
      "U4_se": 0.06912957101796229,
      "chi": 0.0004065400999057829
    },
    "L120_pc0.0200": {
      "L": 120,
      "pc": 0.02,
      "absM": 0.00030013505494894555,
      "absM_se": 1.880128493765575e-05,
      "U4": 0.19108402663796295,
      "U4_se": 0.02743444749983594,
      "chi": 0.00041269257310115273
    },
    "L160_pc0.0030": {
      "L": 160,
      "pc": 0.003,
      "absM": 0.00012766095406522516,
      "absM_se": 1.1045722946763984e-05,
      "U4": 0.12453250562537471,
      "U4_se": 0.0850483797981578,
      "chi": 0.0002830890711346973
    },
    "L160_pc0.0050": {
      "L": 160,
      "pc": 0.005,
      "absM": 0.00013422013524804237,
      "absM_se": 9.438277310812709e-06,
      "U4": 0.10900589393031715,
      "U4_se": 0.06687481956409716,
      "chi": 0.00028536826967446547
    },
    "L160_pc0.0070": {
      "L": 160,
      "pc": 0.007,
      "absM": 0.0001435195013178492,
      "absM_se": 7.306218925248384e-06,
      "U4": 0.11050630760299926,
      "U4_se": 0.04620887583911139,
      "chi": 0.00028359633724102796
    },
    "L160_pc0.0100": {
      "L": 160,
      "pc": 0.01,
      "absM": 0.000165806724143202,
      "absM_se": 8.805153382787189e-06,
      "U4": 0.16137143367289142,
      "U4_se": 0.047048875250887696,
      "chi": 0.0002767819728946479
    },
    "L160_pc0.0200": {
      "L": 160,
      "pc": 0.02,
      "absM": 0.00028047692169484934,
      "absM_se": 2.352524852122282e-05,
      "U4": 0.3626957146276178,
      "U4_se": 0.103292627089285,
      "chi": 0.0002800551222209173
    }
  },
  "C": {
    "absM": 0.00021602616281958393,
    "absM_se": 1.0500354662414127e-05,
    "U4": 0.058805575102946706,
    "U4_se": 0.06912957101796229,
    "chi": 0.0004065400999057829,
    "flux_create": 0.2555869479627136,
    "flux_decay": 0.07902655695189902,
    "flux_ratio": 3.2343922374696423
  }
}