{
  "A": {
    "0.0": {
      "sg4": 0.015521441301952465,
      "sw": 0.20338435612413203,
      "snr": 0.07644147363215721,
      "na": 0.9691337496065294,
      "dnorm": 0.028500000000000004,
      "mm_lda": 0.0016685681140879275,
      "coll_per_site": 6.85325,
      "sg4_se": 0.0023195644445747725
    },
    "0.1": {
      "sg4": 0.01661105616778194,
      "sw": 0.2033990056039173,
      "snr": 0.08132362281394179,
      "na": 0.9967336173304492,
      "dnorm": 0.03083333333333334,
      "mm_lda": 0.001806208414298462,
      "coll_per_site": 6.871,
      "sg4_se": 0.0019851521021010754
    },
    "0.25": {
      "sg4": 0.015618330254781173,
      "sw": 0.20364154763831843,
      "snr": 0.07630296072691486,
      "na": 1.14869216331972,
      "dnorm": 0.02366666666666668,
      "mm_lda": 0.001821200101487212,
      "coll_per_site": 6.85625,
      "sg4_se": 0.0015077473352428786
    },
    "0.5": {
      "sg4": 0.01565644042153445,
      "sw": 0.20540192855678457,
      "snr": 0.0767436303379969,
      "na": 0.9661074617804752,
      "dnorm": 0.03449999999999999,
      "mm_lda": 0.0016100749673631169,
      "coll_per_site": 6.861,
      "sg4_se": 0.0018208671700900333
    },
    "0.75": {
      "sg4": 0.01690510447998776,
      "sw": 0.20570975050096618,
      "snr": 0.0825488044927833,
      "na": 0.9742907278829224,
      "dnorm": 0.03283333333333334,
      "mm_lda": 0.001757832272265187,
      "coll_per_site": 6.846500000000001,
      "sg4_se": 0.002020620972928636
    },
    "1.0": {
      "sg4": 0.01634806538628751,
      "sw": 0.20342044124261965,
      "snr": 0.08054377767949752,
      "na": 1.061265104208805,
      "dnorm": 0.03450000000000001,
      "mm_lda": 0.0017316221380381074,
      "coll_per_site": 6.84025,
      "sg4_se": 0.0020502688500361682
    }
  },
  "B": {
    "1000_0.0_ss0": {
      "snap_sg4": 0.023007654138297397,
      "snap_snr": 0.0924841326031098,
      "snap_dnorm": 0.02399999999999999,
      "fin_sg4": 0.0312656249265672,
      "fin_snr": 0.08093095036818727,
      "fin_dnorm": 0.03500000000000001,
      "fin_mm_lda": 0.0014681948717758923,
      "fin_coll_per_site": 4.568875,
      "retention": 1.4910509707504422
    },
    "1000_0.0_ss10": {
      "snap_sg4": 0.023007654138297397,
      "snap_snr": 0.0924841326031098,
      "snap_dnorm": 0.02399999999999999,
      "fin_sg4": 0.02216019793537409,
      "fin_snr": 0.1120722792475733,
      "fin_dnorm": 0.04216666666666667,
      "fin_mm_lda": 0.0015402036127301585,
      "fin_coll_per_site": 4.566750000000001,
      "retention": 1.066140137366245
    },
    "1000_0.0_ss20": {
      "snap_sg4": 0.023007654138297397,
      "snap_snr": 0.0924841326031098,
      "snap_dnorm": 0.02399999999999999,
      "fin_sg4": 0.019725776393681595,
      "fin_snr": 0.11042917194731236,
      "fin_dnorm": 0.041999999999999996,
      "fin_mm_lda": 0.0016093801555368023,
      "fin_coll_per_site": 4.567125,
      "retention": 0.9712034833546792
    },
    "1000_0.0_rand_p60": {
      "snap_sg4": 0.023007654138297397,
      "snap_snr": 0.0924841326031098,
      "snap_dnorm": 0.02399999999999999,
      "fin_sg4": 0.03344629397844355,
      "fin_snr": 0.09103232250473577,
      "fin_dnorm": 0.020999999999999998,
      "fin_mm_lda": 0.0015408946540386471,
      "fin_coll_per_site": 4.56825,
      "retention": 1.587585729326309
    },
    "1000_0.25_ss0": {
      "snap_sg4": 0.023007654138297397,
      "snap_snr": 0.0924841326031098,
      "snap_dnorm": 0.02399999999999999,
      "fin_sg4": 0.03408685846782479,
      "fin_snr": 0.10953121361929356,
      "fin_dnorm": 0.027166666666666665,
      "fin_mm_lda": 0.002386318935749911,
      "fin_coll_per_site": 2.805375,
      "retention": 1.7017542344012042
    },
    "1000_0.25_ss10": {
      "snap_sg4": 0.023007654138297397,
      "snap_snr": 0.0924841326031098,
      "snap_dnorm": 0.02399999999999999,
      "fin_sg4": 0.017364279985016346,
      "fin_snr": 0.09800449102541949,
      "fin_dnorm": 0.027666666666666666,
      "fin_mm_lda": 0.0021276987550917464,
      "fin_coll_per_site": 2.80775,
      "retention": 0.812644134354597
    },
    "1000_0.25_ss20": {
      "snap_sg4": 0.023007654138297397,
      "snap_snr": 0.0924841326031098,
      "snap_dnorm": 0.02399999999999999,
      "fin_sg4": 0.016001726994059867,
      "fin_snr": 0.09685304587580988,
      "fin_dnorm": 0.02916666666666668,
      "fin_mm_lda": 0.002248615600110746,
      "fin_coll_per_site": 2.8075,
      "retention": 0.7460921948085953
    },
    "1000_0.25_rand_p60": {
      "snap_sg4": 0.023007654138297397,
      "snap_snr": 0.0924841326031098,
      "snap_dnorm": 0.02399999999999999,
      "fin_sg4": 0.03101066829189788,
      "fin_snr": 0.10428315532594072,
      "fin_dnorm": 0.036500000000000005,
      "fin_mm_lda": 0.0018828872478661245,
      "fin_coll_per_site": 2.8108750000000002,
      "retention": 1.5609998809212065
    },
    "1000_0.5_ss0": {
      "snap_sg4": 0.023007654138297397,
      "snap_snr": 0.0924841326031098,
      "snap_dnorm": 0.02399999999999999,
      "fin_sg4": 0.045842681200411975,
      "fin_snr": 0.1130708818105582,
      "fin_dnorm": 0.0415,
      "fin_mm_lda": 0.0026275597289381705,
      "fin_coll_per_site": 3.531,
      "retention": 2.228678634007455
    },
    "1000_0.5_ss10": {
      "snap_sg4": 0.023007654138297397,
      "snap_snr": 0.0924841326031098,
      "snap_dnorm": 0.02399999999999999,
      "fin_sg4": 0.020574087508853946,
      "fin_snr": 0.09561310651245233,
      "fin_dnorm": 0.029166666666666653,
      "fin_mm_lda": 0.002147577834218439,
      "fin_coll_per_site": 3.5182500000000005,
      "retention": 0.9693807455370914
    },
    "1000_0.5_ss20": {
      "snap_sg4": 0.023007654138297397,
      "snap_snr": 0.0924841326031098,
      "snap_dnorm": 0.02399999999999999,
      "fin_sg4": 0.01927713886242664,
      "fin_snr": 0.0969458718413865,
      "fin_dnorm": 0.026000000000000006,
      "fin_mm_lda": 0.002084202839864512,
      "fin_coll_per_site": 3.5204999999999997,
      "retention": 0.9162673126312402
    },
    "1000_0.5_rand_p60": {
      "snap_sg4": 0.023007654138297397,
      "snap_snr": 0.0924841326031098,
      "snap_dnorm": 0.02399999999999999,
      "fin_sg4": 0.03671812466257528,
      "fin_snr": 0.09842801769129719,
      "fin_dnorm": 0.03866666666666669,
      "fin_mm_lda": 0.0022180905034598075,
      "fin_coll_per_site": 3.523625,
      "retention": 1.7877016159083587
    },
    "2000_0.0_ss0": {
      "snap_sg4": 0.02193351056876052,
      "snap_snr": 0.11168895706778637,
      "snap_dnorm": 0.03533333333333332,
      "fin_sg4": 0.030918231045672363,
      "fin_snr": 0.0818936944035547,
      "fin_dnorm": 0.028833333333333343,
      "fin_mm_lda": 0.0014003258800084199,
      "fin_coll_per_site": 6.832625,
      "retention": 1.500344463886029
    },
    "2000_0.0_ss10": {
      "snap_sg4": 0.02193351056876052,
      "snap_snr": 0.11168895706778637,
      "snap_dnorm": 0.03533333333333332,
      "fin_sg4": 0.019231440129431513,
      "fin_snr": 0.09767503157496496,
      "fin_dnorm": 0.030166666666666675,
      "fin_mm_lda": 0.0014065846556619733,
      "fin_coll_per_site": 6.831874999999999,
      "retention": 0.8918967351423769
    },
    "2000_0.0_ss20": {
      "snap_sg4": 0.02193351056876052,
      "snap_snr": 0.11168895706778637,
      "snap_dnorm": 0.03533333333333332,
      "fin_sg4": 0.01780797379941816,
      "fin_snr": 0.1000991289312777,
      "fin_dnorm": 0.03283333333333334,
      "fin_mm_lda": 0.0014782114096541618,
      "fin_coll_per_site": 6.831875000000001,
      "retention": 0.8027116409086255
    },
    "2000_0.0_rand_p60": {
      "snap_sg4": 0.02193351056876052,
      "snap_snr": 0.11168895706778637,
      "snap_dnorm": 0.03533333333333332,
      "fin_sg4": 0.03015556373161511,
      "fin_snr": 0.0823709781902799,
      "fin_dnorm": 0.03516666666666667,
      "fin_mm_lda": 0.001372750585640427,
      "fin_coll_per_site": 6.827125,
      "retention": 1.4333170928251557
    },