{
  "A": {
    "L80_pc0.0000": {
      "L": 80,
      "pc": 0.0,
      "absM": 0.0003019077270686467,
      "U4": 0.12979385312791292,
      "U4_se": 0.08425769509019534,
      "chi": 0.00042240462446166606
    },
    "L80_pc0.0050": {
      "L": 80,
      "pc": 0.005,
      "absM": 0.00032195219221800564,
      "U4": 0.1439616392966205,
      "U4_se": 0.05752818687509279,
      "chi": 0.0004415262216868562
    },
    "L80_pc0.0100": {
      "L": 80,
      "pc": 0.01,
      "absM": 0.0003531790999805598,
      "U4": 0.18978162777617227,
      "U4_se": 0.03240325265894498,
      "chi": 0.0004459376439877384
    },
    "L80_pc0.0200": {
      "L": 80,
      "pc": 0.02,
      "absM": 0.0004289357436334362,
      "U4": 0.3071528585230231,
      "U4_se": 0.04290852586520542,
      "chi": 0.00041045714794850813
    },
    "L100_pc0.0000": {
      "L": 100,
      "pc": 0.0,
      "absM": 0.00026292587680625673,
      "U4": 0.12077958557936552,
      "U4_se": 0.05132617974892795,
      "chi": 0.00044572962335662165
    },
    "L100_pc0.0050": {
      "L": 100,
      "pc": 0.005,
      "absM": 0.0002734923854070068,
      "U4": 0.15324000999561307,
      "U4_se": 0.03805134785452271,
      "chi": 0.0004358523106739682
    },
    "L100_pc0.0100": {
      "L": 100,
      "pc": 0.01,
      "absM": 0.0002941835246012072,
      "U4": 0.17095682237718746,
      "U4_se": 0.014826055266545034,
      "chi": 0.0004455997959888968
    },
    "L100_pc0.0200": {
      "L": 100,
      "pc": 0.02,
      "absM": 0.0003661273569311306,
      "U4": 0.24467967094304013,
      "U4_se": 0.03344895725484122,
      "chi": 0.00042979673630630117
    },
    "L120_pc0.0000": {
      "L": 120,
      "pc": 0.0,
      "absM": 0.00019129928656269092,
      "U4": 0.06479116566594138,
      "U4_se": 0.07797288116625437,
      "chi": 0.0003776569836777311
    },
    "L120_pc0.0050": {
      "L": 120,
      "pc": 0.005,
      "absM": 0.00019674811057264374,
      "U4": 0.06482470801749751,
      "U4_se": 0.11909998806377434,
      "chi": 0.0004041860243066131
    },
    "L120_pc0.0100": {
      "L": 120,
      "pc": 0.01,
      "absM": 0.00021501150203290375,
      "U4": 0.08043657611082071,
      "U4_se": 0.08872401589624117,
      "chi": 0.00040707904969363427
    },
    "L120_pc0.0200": {
      "L": 120,
      "pc": 0.02,
      "absM": 0.00029546273824325393,
      "U4": 0.1636963197190714,
      "U4_se": 0.01838279591429282,
      "chi": 0.00041762444714506453
    },
    "L160_pc0.0000": {
      "L": 160,
      "pc": 0.0,
      "absM": 0.00013855474713807972,
      "U4": 0.13426819970750067,
      "U4_se": 0.11691784811517242,
      "chi": 0.00032094470463788134
    },
    "L160_pc0.0050": {
      "L": 160,
      "pc": 0.005,
      "absM": 0.00013921943169506302,
      "U4": 0.06733961407298834,
      "U4_se": 0.07507249632625335,
      "chi": 0.000315317981319388
    },
    "L160_pc0.0100": {
      "L": 160,
      "pc": 0.01,
      "absM": 0.000166947399047953,
      "U4": 0.11690026911288805,
      "U4_se": 0.03603290605682949,
      "chi": 0.00030259371806153973
    },
    "L160_pc0.0200": {
      "L": 160,
      "pc": 0.02,
      "absM": 0.00027812776438975156,
      "U4": 0.31871010042904696,
      "U4_se": 0.1280160831471279,
      "chi": 0.00030806919260922773
    }
  },
  "B": {
    "det2_pc0.0050": {
      "cond": "det2",
      "pc": 0.005,
      "absM": 0.0001251714557445682,
      "U4": 0.2830822644822426,
      "U4_se": 0.03366083328454239,
      "chi": 0.00026771896218251895
    },
    "det2_pc0.0200": {
      "cond": "det2",
      "pc": 0.02,
      "absM": 0.00019133629518652427,
      "U4": 0.3115254554180629,
      "U4_se": 0.05277765532690299,
      "chi": 0.0002482117738244958
    },
    "det1_pc0.0050": {
      "cond": "det1",
      "pc": 0.005,
      "absM": 0.00017791616813569538,
      "U4": 0.09676994516350018,
      "U4_se": 0.06934026411647695,
      "chi": 0.0003814539730353539
    },
    "det1_pc0.0200": {
      "cond": "det1",
      "pc": 0.02,
      "absM": 0.0004515296367723989,
      "U4": 0.4991434059712632,
      "U4_se": 0.03377547111789429,
      "chi": 0.00038076200030113454
    },
    "prob_pc0.0050": {
      "cond": "prob",
      "pc": 0.005,
      "absM": 0.00016914424909799465,
      "U4": 0.2742799497381261,
      "U4_se": 0.06470707065478867,
      "chi": 0.00032176409999220705
    },
    "prob_pc0.0200": {
      "cond": "prob",
      "pc": 0.02,
      "absM": 0.00033965758502476257,
      "U4": 0.5004347061809704,
      "U4_se": 0.025308622784114925,
      "chi": 0.0003094531407547837
    }
  }
}