{"A": {"L80_pc0.0000": {"0": {"absM": 0.0003126497227864523, "M2": 1.5493802170636018e-07, "M4": 7.545747727943861e-14, "U4": -0.04776771891106257, "chi": 0.0004736127734830205}, "1": {"absM": 0.000377197194006478, "M2": 1.899832291280795e-07, "M4": 7.474795597555392e-14, "U4": 0.3096846409029229, "chi": 0.0005808515641000405}, "2": {"absM": 0.00021587626441300973, "M2": 7.108671371637642e-08, "M4": 1.3227603465173547e-14, "U4": 0.1274646373918784, "chi": 0.00021274953580193695}}, "L80_pc0.0050": {"0": {"absM": 0.000327680100138801, "M2": 1.671808662230334e-07, "M4": 8.167763605571008e-14, "U4": 0.02588829304865503, "chi": 0.0005337236223436313}, "1": {"absM": 0.00039575150836211853, "M2": 2.1824810771709383e-07, "M4": 1.0437074383862933e-13, "U4": 0.26960708783695686, "chi": 0.0005905580759287642}, "2": {"absM": 0.00024242496815309741, "M2": 8.619000895822109e-08, "M4": 1.9246554852564022e-14, "U4": 0.1363895370042496, "chi": 0.00020029696678817302}}, "L80_pc0.0100": {"0": {"absM": 0.00034108197360729897, "M2": 1.7494111484621738e-07, "M4": 8.158098527208478e-14, "U4": 0.11144582518974333, "chi": 0.0005494634501415162}, "1": {"absM": 0.0004129826359569678, "M2": 2.527425674327694e-07, "M4": 1.4988233252050683e-13, "U4": 0.21788178097808852, "chi": 0.0005893785401688741}, "2": {"absM": 0.00030547269037741284, "M2": 1.2876895231422764e-07, "M4": 3.780483078186729e-14, "U4": 0.240017277160685, "chi": 0.00019897094165282483}}, "L80_pc0.0200": {"0": {"absM": 0.0003792656140283413, "M2": 2.0675514042434085e-07, "M4": 9.720593374138379e-14, "U4": 0.24201800471303947, "chi": 0.0004954354663863117}, "1": {"absM": 0.00048450482523975166, "M2": 3.6572249835645717e-07, "M4": 2.9360774290251046e-13, "U4": 0.26828342324869914, "chi": 0.0005524202538584244}, "2": {"absM": 0.0004230367916322157, "M2": 2.294381535306002e-07, "M4": 9.299336011420245e-14, "U4": 0.4111571476073307, "chi": 0.00018351572360078824}}, "L100_pc0.0000": {"0": {"absM": 0.00025545880907118, "M2": 1.002818879715778e-07, "M4": 2.964387187435812e-14, "U4": 0.01741830441849679, "chi": 0.0004304338978723327}, "1": {"absM": 0.00024048914564746057, "M2": 8.289663293109171e-08, "M4": 1.5782355162798054e-14, "U4": 0.23444433252485575, "chi": 0.0004137962574709122}, "2": {"absM": 0.0002928296757001296, "M2": 1.2802851522852806e-07, "M4": 4.3741360231838034e-14, "U4": 0.11047611979474403, "chi": 0.0004929587147266201}}, "L100_pc0.0050": {"0": {"absM": 0.00023072909996854266, "M2": 8.048777268732029e-08, "M4": 1.8164983124720314e-14, "U4": 0.06533942278526961, "chi": 0.000397176558671603}, "1": {"absM": 0.0002504711077702604, "M2": 9.42813634517368e-08, "M4": 2.0692576683813888e-14, "U4": 0.22403593466086802, "chi": 0.00043390183432068165}, "2": {"absM": 0.00033927694848221725, "M2": 1.673023514811083e-07, "M4": 6.966634902699293e-14, "U4": 0.17034467254070162, "chi": 0.0004764785390296201}}, "L100_pc0.0100": {"0": {"absM": 0.00023981005859861123, "M2": 8.615855648725532e-08, "M4": 1.9270245529838234e-14, "U4": 0.1346950955559617, "chi": 0.0004236496298407146}, "1": {"absM": 0.0002618018438438698, "M2": 1.0450338314031545e-07, "M4": 2.6511362824895576e-14, "U4": 0.19081076222458793, "chi": 0.0003989474312638333}, "2": {"absM": 0.00038093867136114045, "M2": 2.101843592885859e-07, "M4": 1.0770051431521237e-13, "U4": 0.18736460935101273, "chi": 0.0005142023268621424}}, "L100_pc0.0200": {"0": {"absM": 0.000269287363503346, "M2": 1.1211966608552922e-07, "M4": 3.0441327984882826e-14, "U4": 0.19280446993743072, "chi": 0.00038542122012605654}, "1": {"absM": 0.00033655341148035545, "M2": 1.702565876290372e-07, "M4": 6.820467737278966e-14, "U4": 0.21569487185393343, "chi": 0.00040480701514056846}, "2": {"absM": 0.0004925412958096904, "M2": 3.260307122162023e-07, "M4": 2.1507735659025102e-13, "U4": 0.3255396710377563, "chi": 0.0004991619736522786}}, "L120_pc0.0000": {"0": {"absM": 0.00017558670877312454, "M2": 5.2978446906388645e-08, "M4": 9.439867714903295e-15, "U4": -0.12110479108265126, "chi": 0.00037890795942163426}, "1": {"absM": 0.00019916420438926766, "M2": 6.156247718100182e-08, "M4": 1.0007952616425994e-14, "U4": 0.11977882480363555, "chi": 0.0004418605216954765}, "2": {"absM": 0.00019914694652568062, "M2": 5.7890796321328017e-08, "M4": 8.086464054607728e-15, "U4": 0.19569946327683985, "chi": 0.0003122024699160825}}, "L120_pc0.0050": {"0": {"absM": 0.00019182394504949958, "M2": 6.421822745722278e-08, "M4": 1.484926216829473e-14, "U4": -0.2002369484396902, "chi": 0.00041605812680009524}, "1": {"absM": 0.000212206874693266, "M2": 7.319457696299006e-08, "M4": 1.4596623513132162e-14, "U4": 0.09181705552607533, "chi": 0.00047009895222086695}, "2": {"absM": 0.0001862135119751656, "M2": 4.68431129436771e-08, "M4": 4.5889313569354915e-15, "U4": 0.3028940169661074, "chi": 0.0003264009938988772}}, "L120_pc0.0100": {"0": {"absM": 0.00022022479135003334, "M2": 8.201786885250253e-08, "M4": 2.2573247318199915e-14, "U4": -0.1185510872670692, "chi": 0.00041693574754820336}, "1": {"absM": 0.000241653764637545, "M2": 9.214886852897721e-08, "M4": 2.281841548267824e-14, "U4": 0.10425536665038981, "chi": 0.0004748741765469597}, "2": {"absM": 0.00018315595011113298, "M2": 4.6870458802553695e-08, "M4": 4.905946971946959e-15, "U4": 0.2556054489491415, "chi": 0.0003294272249857398}}, "L120_pc0.0200": {"0": {"absM": 0.0003087807075602575, "M2": 1.4410571784744231e-07, "M4": 5.473829765969708e-14, "U4": 0.12136680730930594, "chi": 0.00039360438430339475}, "1": {"absM": 0.0003394386924315521, "M2": 1.6917096750348958e-07, "M4": 6.884323093011284e-14, "U4": 0.19815888099408008, "chi": 0.0005239359101059528}, "2": {"absM": 0.00023816881473795215, "M2": 8.987199477804735e-08, "M4": 2.0073789358107e-14, "U4": 0.17156327085382816, "chi": 0.000335333047025846}}, "L160_pc0.0000": {"0": {"absM": 0.00011399566924398388, "M2": 1.980740120252081e-08, "M4": 1.0002431398850477e-15, "U4": 0.1501753384276341, "chi": 0.0002434252411771804}, "1": {"absM": 0.00018199000508552248, "M2": 4.319181071535251e-08, "M4": 3.5037389242222547e-15, "U4": 0.37395195919503554, "chi": 0.0004495631584661876}, "2": {"absM": 0.00011967856708473277, "M2": 2.3310580358139557e-08, "M4": 1.827923602546712e-15, "U4": -0.12132269850016764, "chi": 0.0002698457142702761}}, "L160_pc0.0050": {"0": {"absM": 0.00011196815956266408, "M2": 2.0421446608845044e-08, "M4": 1.2242521649068753e-15, "U4": 0.021464424548846894, "chi": 0.0002213512816713085}, "1": {"absM": 0.00015523608519108357, "M2": 3.4890086234791595e-08, "M4": 2.7590705805406564e-15, "U4": 0.24449477887992144, "chi": 0.0004364599696446233}, "2": {"absM": 0.00015045405033144144, "M2": 3.60234099290186e-08, "M4": 4.141981735541316e-15, "U4": -0.06394036120980329, "chi": 0.00028814269264223227}}, "L160_pc0.0100": {"0": {"absM": 0.000151689819037539, "M2": 3.386211250229059e-08, "M4": 2.8969751909728592e-15, "U4": 0.15783841989162106, "chi": 0.0002084792585306107}, "1": {"absM": 0.00015365147489753388, "M2": 3.8279185287300074e-08, "M4": 4.269667760719901e-15, "U4": 0.0287132692635631, "chi": 0.0004597515593069725}, "2": {"absM": 0.00019550090320878606, "M2": 5.506383953071462e-08, "M4": 7.60296588023387e-15, "U4": 0.16414911818348, "chi": 0.00023955033634703597}}, "L160_pc0.0200": {"0": {"absM": 0.0002787700300418365, "M2": 9.244716368797957e-08, "M4": 1.3952343042770936e-14, "U4": 0.4558248469118986, "chi": 0.00018864376886503374}, "1": {"absM": 0.00021151879010886975, "M2": 7.605646096805683e-08, "M4": 1.7250899445297492e-14, "U4": 0.005927035107113121, "chi": 0.0005160118705665404}, "2": {"absM": 0.00034409447301854846, "M2": 1.3553802123781207e-07, "M4": 2.7865647479048577e-14, "U4": 0.4943784192681291, "chi": 0.00021955193839610899}}}, "B": {"det2_pc0.0050": {"0": {"absM": 9.554038861408848e-05, "M2": 1.2970764905451369e-08, "M4": 4.1283703356290557e-16, "U4": 0.1820510139523488, "chi": 0.0001452142669029447}, "1": {"absM": 9.943998023474038e-05, "M2": 1.3766025603148536e-08, "M4": 4.143802548769159e-16,