{
  "C_ref": {
    "sg4_form": 0.017856211934218578,
    "snr_form": 0.09051268739488413,
    "na_form": 1.2068253886419125,
    "dnorm_form": 0.035333333333333335,
    "sg4_adv": 0.024571793383871318,
    "snr_adv": 0.11360975545498034,
    "na_adv": 0.9897782018891373,
    "dnorm_adv": 0.04349999999999999,
    "maint_sg4": 1.5373838617927993,
    "maint_snr": 1.3653041307994058,
    "cos_maint": -0.27384553275293777,
    "writes_per_site": 0.6068324374999999,
    "coll_form": 4.501125
  },
  "C_near": {
    "sg4_form": 0.009747224058826305,
    "snr_form": 0.2713590118904259,
    "na_form": 1.3239363139362585,
    "dnorm_form": 0.20550000000000002,
    "sg4_adv": 0.006408805665552254,
    "snr_adv": 0.24182036243626248,
    "na_adv": 1.2295926713000198,
    "dnorm_adv": 0.14433333333333337,
    "maint_sg4": 0.7263437048311314,
    "maint_snr": 0.955005552343775,
    "cos_maint": 0.5456876832944779,
    "writes_per_site": 0.03317025,
    "coll_form": 4.514625
  },
  "C_near_low": {
    "sg4_form": 0.007659914189468417,
    "snr_form": 0.23992331354541102,
    "na_form": 1.1250543822523327,
    "dnorm_form": 0.2485,
    "sg4_adv": 0.007113868772358719,
    "snr_adv": 0.2609837293830199,
    "na_adv": 1.346315068739347,
    "dnorm_adv": 0.14683333333333334,
    "maint_sg4": 1.1159256212527844,
    "maint_snr": 1.1791535103373785,
    "cos_maint": 0.4045775683185703,
    "writes_per_site": 0.030832187500000004,
    "coll_form": 4.507375000000001
  },
  "C_near_high": {
    "sg4_form": 0.0028785650144631855,
    "snr_form": 0.4861229395048842,
    "na_form": 1.1757600204654317,
    "dnorm_form": 0.22400000000000003,
    "sg4_adv": 0.0025662680094644193,
    "snr_adv": 0.44302733123084775,
    "na_adv": 1.150159686236106,
    "dnorm_adv": 0.17499999999999996,
    "maint_sg4": 0.9244654371590579,
    "maint_snr": 0.9778615175436464,
    "cos_maint": 0.576858629475875,
    "writes_per_site": 0.0026036875,
    "coll_form": 4.506875
  },
  "C_perturb": {
    "sg4_form": 0.0039006695908823754,
    "snr_form": 0.39742612360331153,
    "na_form": 1.283447334451315,
    "dnorm_form": 0.1406666666666667,
    "sg4_adv": 0.0048971862145230725,
    "snr_adv": 0.376267805669835,
    "na_adv": 1.1190229833504046,
    "dnorm_adv": 0.14683333333333332,
    "maint_sg4": 1.4126225046347207,
    "maint_snr": 1.0100657295399844,
    "cos_maint": 0.664254517988304,
    "writes_per_site": 0.0003718125,
    "coll_form": 4.511125
  },
  "C_rand": {
    "sg4_form": 0.0037586786291482514,
    "snr_form": 0.3111440402731655,
    "na_form": 1.3346822908566027,
    "dnorm_form": 0.11033333333333335,
    "sg4_adv": 0.004177778168795321,
    "snr_adv": 0.279531528269824,
    "na_adv": 1.006732364259774,
    "dnorm_adv": 0.09266666666666669,
    "maint_sg4": 1.153785172439979,
    "maint_snr": 0.9582450807103416,
    "cos_maint": 0.3867474150290366,
    "writes_per_site": 0.0009564375,
    "coll_form": 4.513624999999999
  },
  "C_abs": {
    "sg4_form": 0.03934704816052258,
    "snr_form": 1.089046732637081,
    "na_form": 0.8773707416724431,
    "dnorm_form": 0.22149999999999997,
    "sg4_adv": 0.025001001842820458,
    "snr_adv": 0.7490742198643401,
    "na_adv": 1.007364873952793,
    "dnorm_adv": 0.20116666666666666,
    "maint_sg4": 0.6603134356015345,
    "maint_snr": 0.6809320872757112,
    "cos_maint": 0.9990328081455188,
    "writes_per_site": 0.0326890625,
    "coll_form": 4.5235
  },
  "C_raw": {
    "sg4_form": 0.01475747750829621,
    "snr_form": 0.21393128023633962,
    "na_form": 1.8018573349711524,
    "dnorm_form": 0.14966666666666667,
    "sg4_adv": 0.013088916096763631,
    "snr_adv": 0.3687708698836619,
    "na_adv": 1.485630585031494,
    "dnorm_adv": 0.12533333333333335,
    "maint_sg4": 0.9196080318486379,
    "maint_snr": 1.7049562699195295,
    "cos_maint": 0.7766319315842988,
    "writes_per_site": 0.0336914375,
    "coll_form": 4.518
  },
  "C_far": {
    "sg4_form": 0.01889798362350049,
    "snr_form": 0.10642216696345368,
    "na_form": 1.0256208907431092,
    "dnorm_form": 0.052500000000000026,
    "sg4_adv": 0.026637562607792868,
    "snr_adv": 0.13058745677553213,
    "na_adv": 0.9523148753504633,
    "dnorm_adv": 0.056000000000000015,
    "maint_sg4": 1.6479937808136156,
    "maint_snr": 1.4344026544856303,
    "cos_maint": -0.084704702133296,
    "writes_per_site": 0.476333875,
    "coll_form": 4.507
  }
}