{
  "A1": {
    "L60_pc0.0000": {
      "L": 60,
      "pc": 0.0,
      "absM": 0.0004194686310051386,
      "U4": 0.023303743014336104,
      "U4_se": 0.07651964323034238,
      "eta": NaN,
      "xi": NaN,
      "chi_spin": 0.04344892403976484,
      "r2_pow": NaN,
      "r2_exp": NaN,
      "K_phi": 116.54154708443089
    },
    "L60_pc0.0050": {
      "L": 60,
      "pc": 0.005,
      "absM": 0.0004248381838958836,
      "U4": 0.034408721933432175,
      "U4_se": 0.0765701767992296,
      "eta": NaN,
      "xi": NaN,
      "chi_spin": 0.04344892403976484,
      "r2_pow": NaN,
      "r2_exp": NaN,
      "K_phi": 116.56636819395958
    },
    "L60_pc0.0100": {
      "L": 60,
      "pc": 0.01,
      "absM": 0.000447268658069794,
      "U4": 0.06982869739798149,
      "U4_se": 0.06911541370706924,
      "eta": NaN,
      "xi": NaN,
      "chi_spin": 0.04344892403976484,
      "r2_pow": NaN,
      "r2_exp": NaN,
      "K_phi": 116.54888781090905
    },
    "L60_pc0.0200": {
      "L": 60,
      "pc": 0.02,
      "absM": 0.0005231743424384614,
      "U4": 0.17461577200520603,
      "U4_se": 0.036410090037005786,
      "eta": NaN,
      "xi": NaN,
      "chi_spin": 0.04344892403976484,
      "r2_pow": NaN,
      "r2_exp": NaN,
      "K_phi": 117.12602599065595
    },
    "L60_pc0.0500": {
      "L": 60,
      "pc": 0.05,
      "absM": 0.0009176911667626406,
      "U4": 0.397859245623825,
      "U4_se": 0.028235458262725877,
      "eta": NaN,
      "xi": NaN,
      "chi_spin": 0.04344892403976484,
      "r2_pow": NaN,
      "r2_exp": NaN,
      "K_phi": 117.78229536541521
    },
    "L80_pc0.0000": {
      "L": 80,
      "pc": 0.0,
      "absM": 0.00032843681020495113,
      "U4": 0.1129042704523548,
      "U4_se": 0.045602756202276336,
      "eta": 1.918131616355252,
      "xi": 1.0862381949614697,
      "chi_spin": 0.03478795934606375,
      "r2_pow": 0.9363785774195784,
      "r2_exp": 0.9957721285070668,
      "K_phi": 161.15784053789915
    },
    "L80_pc0.0050": {
      "L": 80,
      "pc": 0.005,
      "absM": 0.0003364928469812718,
      "U4": 0.09464747345175444,
      "U4_se": 0.04149079189755687,
      "eta": 1.918131616355252,
      "xi": 1.0862381949614697,
      "chi_spin": 0.03478795934606375,
      "r2_pow": 0.9363785774195784,
      "r2_exp": 0.9957721285070668,
      "K_phi": 160.8200280784616
    },
    "L80_pc0.0100": {
      "L": 80,
      "pc": 0.01,
      "absM": 0.0003653568723419958,
      "U4": 0.10728053378209118,
      "U4_se": 0.0386275980431197,
      "eta": 1.918131616355252,
      "xi": 1.0862381949614697,
      "chi_spin": 0.03478795934606375,
      "r2_pow": 0.9363785774195784,
      "r2_exp": 0.9957721285070668,
      "K_phi": 160.69401723044234
    },
    "L80_pc0.0200": {
      "L": 80,
      "pc": 0.02,
      "absM": 0.00045802559154355257,
      "U4": 0.21200850501921095,
      "U4_se": 0.03247016415341449,
      "eta": 1.918131616355252,
      "xi": 1.0862381949614697,
      "chi_spin": 0.03478795934606375,
      "r2_pow": 0.9363785774195784,
      "r2_exp": 0.9957721285070668,
      "K_phi": 160.90042291913343
    },
    "L80_pc0.0500": {
      "L": 80,
      "pc": 0.05,
      "absM": 0.000916558197110117,
      "U4": 0.4707296640940212,
      "U4_se": 0.016518409384432626,
      "eta": 1.918131616355252,
      "xi": 1.0862381949614697,
      "chi_spin": 0.03478795934606375,
      "r2_pow": 0.9363785774195784,
      "r2_exp": 0.9957721285070668,
      "K_phi": 162.0988509839465
    },
    "L100_pc0.0000": {
      "L": 100,
      "pc": 0.0,
      "absM": 0.00023453076620197867,
      "U4": 0.11050999002276074,
      "U4_se": 0.04765152297276206,
      "eta": 1.7501741745768467,
      "xi": 1.1979397633583047,
      "chi_spin": 0.02640393518517865,
      "r2_pow": 0.951503870814642,
      "r2_exp": 0.9990035093604789,
      "K_phi": 193.91986264605282
    },
    "L100_pc0.0050": {
      "L": 100,
      "pc": 0.005,
      "absM": 0.0002508430480978811,
      "U4": 0.09659850986147846,
      "U4_se": 0.05790488495367197,
      "eta": 1.7501741745768467,
      "xi": 1.1979397633583047,
      "chi_spin": 0.02640393518517865,
      "r2_pow": 0.951503870814642,
      "r2_exp": 0.9990035093604789,
      "K_phi": 193.31881714720484
    },
    "L100_pc0.0100": {
      "L": 100,
      "pc": 0.01,
      "absM": 0.0002825366575812254,
      "U4": 0.0896117096040745,
      "U4_se": 0.088345751106048,
      "eta": 1.7501741745768467,
      "xi": 1.1979397633583047,
      "chi_spin": 0.02640393518517865,
      "r2_pow": 0.951503870814642,
      "r2_exp": 0.9990035093604789,
      "K_phi": 193.78799549836512
    },
    "L100_pc0.0200": {
      "L": 100,
      "pc": 0.02,
      "absM": 0.00038836817553375425,
      "U4": 0.24014896717399822,
      "U4_se": 0.060668935063898505,
      "eta": 1.7501741745768467,
      "xi": 1.1979397633583047,
      "chi_spin": 0.02640393518517865,
      "r2_pow": 0.951503870814642,
      "r2_exp": 0.9990035093604789,
      "K_phi": 193.45410242216852
    },
    "L100_pc0.0500": {
      "L": 100,
      "pc": 0.05,
      "absM": 0.0008419436561010561,
      "U4": 0.5333867218228209,
      "U4_se": 0.014305528596311044,
      "eta": 1.7501741745768467,
      "xi": 1.1979397633583047,
      "chi_spin": 0.02640393518517865,
      "r2_pow": 0.951503870814642,
      "r2_exp": 0.9990035093604789,
      "K_phi": 193.41965918497172
    }
  },
  "A2": {
    "L120_pc0.0000": {
      "L": 120,
      "pc": 0.0,
      "absM": 0.00018302873978546413,
      "U4": 0.14494384059715562,
      "U4_se": 0.034886221104393156
    },
    "L120_pc0.0005": {
      "L": 120,
      "pc": 0.0005,
      "absM": 0.00018318775463767664,
      "U4": 0.1440419393823126,
      "U4_se": 0.03351507214215192
    },
    "L120_pc0.0010": {
      "L": 120,
      "pc": 0.001,
      "absM": 0.0001864574251052596,
      "U4": 0.15030023849955348,
      "U4_se": 0.032796369890457554
    },
    "L120_pc0.0020": {
      "L": 120,
      "pc": 0.002,
      "absM": 0.0001915456395051,
      "U4": 0.16602874590279065,
      "U4_se": 0.03395104408012729
    },
    "L120_pc0.0050": {
      "L": 120,
      "pc": 0.005,
      "absM": 0.00021204381620552214,
      "U4": 0.21318041672566224,
      "U4_se": 0.04403729527867386
    },
    "L160_pc0.0000": {
      "L": 160,
      "pc": 0.0,
      "absM": 0.00011298022483495293,
      "U4": 0.08953157097888402,
      "U4_se": 0.04287520347450561
    },
    "L160_pc0.0005": {
      "L": 160,
      "pc": 0.0005,
      "absM": 0.00011276689231583412,
      "U4": 0.09314058647780214,
      "U4_se": 0.0428357171136917
    },
    "L160_pc0.0010": {
      "L": 160,
      "pc": 0.001,
      "absM": 0.00011276646350724903,
      "U4": 0.09405198118183554,
      "U4_se": 0.043434955184944474
    },
    "L160_pc0.0020": {
      "L": 160,
      "pc": 0.002,
      "absM": 0.00011272267409618512,
      "U4": 0.09498859161641643,
      "U4_se": 0.049038316648552134
    },
    "L160_pc0.0050": {
      "L": 160,
      "pc": 0.005,
      "absM": 0.00011821727341486746,
      "U4": 0.1115837063514938,
      "U4_se": 0.05377078892824434
    }
  },
  "C": {
    "Ref": {
      "absM": 0.0003995615754812816,
      "U4": 0.15545073111224653,
      "U4_se": 0.04400868458142376,
      "G1": 0.4057633904351128
    },
    "NoGate": {
      "absM": 0.0010090933818947864,
      "U4": 0.08979569116054853,
      "U4_se": 0.020096489029874216,
      "G1": 0.4057633904351128
    },
    "NoBaseline": {
      "absM": 0.00036096826488196096,
      "U4": 0.1798496407374516,
      "U4_se": 0.048569836886703854,
      "G1": 0.4057633904351128
    },
    "Crystallized": {
      "absM": 0.0006087260261815266,
      "U4": 0.2614799060506792,
      "U4_se": 0.04616033228438943,
      "G1": 0.4057633904351128
    },
    "NoCausal": {
      "absM": 0.00031336039456429844,
      "U4": 0.1525643706804301,
      "U4_se": 0.04897262640696165,
      "G1": 0.4057633904351128
    }
  }
}