{
  "exp2,0.0050,0.0500,0": {
    "sg4_inter_2000": 194.65181997540628
  },
  "exp2,0.0050,0.0500,1": {
    "sg4_inter_2000": 41.46116235087642
  },
  "exp2,0.0050,0.0500,2": {
    "sg4_inter_2000": 54.09155489929126
  },
  "exp2,0.0050,0.0500,3": {
    "sg4_inter_2000": 106.67499648015793
  },
  "exp2,0.0050,0.0500,4": {
    "sg4_inter_2000": 88.3675106778807
  },
  "exp2,0.0050,0.1000,0": {
    "sg4_inter_2000": 288.4033831234492
  },
  "exp2,0.0050,0.1000,1": {
    "sg4_inter_2000": 49.27295113659773
  },
  "exp2,0.0050,0.1000,2": {
    "sg4_inter_2000": 124.66620693128583
  },
  "exp2,0.0050,0.1000,3": {
    "sg4_inter_2000": 156.91267009524097
  },
  "exp2,0.0050,0.1000,4": {
    "sg4_inter_2000": 134.20876519382912
  },
  "exp2,0.0050,0.2000,0": {
    "sg4_inter_2000": 342.66708238167433
  },
  "exp2,0.0050,0.2000,1": {
    "sg4_inter_2000": 43.80670605853595
  },
  "exp2,0.0050,0.2000,2": {
    "sg4_inter_2000": 227.76563281492415
  },
  "exp2,0.0050,0.2000,3": {
    "sg4_inter_2000": 195.89644863709546
  },
  "exp2,0.0050,0.2000,4": {
    "sg4_inter_2000": 164.84713018663135
  },
  "exp2,0.0050,0.4000,0": {
    "sg4_inter_2000": 348.8875019626241
  },
  "exp2,0.0050,0.4000,1": {
    "sg4_inter_2000": 37.843749310220154
  },
  "exp2,0.0050,0.4000,2": {
    "sg4_inter_2000": 300.9909729200921
  },
  "exp2,0.0050,0.4000,3": {
    "sg4_inter_2000": 218.67508440795714
  },
  "exp2,0.0050,0.4000,4": {
    "sg4_inter_2000": 188.14887006402682
  },
  "exp2,0.0050,0.8000,0": {
    "sg4_inter_2000": 359.21815440124533
  },
  "exp2,0.0050,0.8000,1": {
    "sg4_inter_2000": 39.39388254141836
  },
  "exp2,0.0050,0.8000,2": {
    "sg4_inter_2000": 355.78843239245856
  },
  "exp2,0.0050,0.8000,3": {
    "sg4_inter_2000": 227.23279720529865
  },
  "exp2,0.0050,0.8000,4": {
    "sg4_inter_2000": 212.0054966986661
  },
  "exp2,0.0100,0.0500,0": {
    "sg4_inter_2000": 189.10453403912584
  },
  "exp2,0.0100,0.0500,1": {
    "sg4_inter_2000": 42.03236390730338
  },
  "exp2,0.0100,0.0500,2": {
    "sg4_inter_2000": 50.483598266560165
  },
  "exp2,0.0100,0.0500,3": {
    "sg4_inter_2000": 102.63853161006757
  },
  "exp2,0.0100,0.0500,4": {
    "sg4_inter_2000": 87.80692390307634
  },
  "exp2,0.0100,0.1000,0": {
    "sg4_inter_2000": 279.76617228084285
  },
  "exp2,0.0100,0.1000,1": {
    "sg4_inter_2000": 50.60410904556506
  },
  "exp2,0.0100,0.1000,2": {
    "sg4_inter_2000": 110.98481091927628
  },
  "exp2,0.0100,0.1000,3": {
    "sg4_inter_2000": 146.85540148215242
  },
  "exp2,0.0100,0.1000,4": {
    "sg4_inter_2000": 134.5826771719393
  },
  "exp2,0.0100,0.2000,0": {
    "sg4_inter_2000": 333.0353461364173
  },
  "exp2,0.0100,0.2000,1": {
    "sg4_inter_2000": 45.96422010140045
  },
  "exp2,0.0100,0.2000,2": {
    "sg4_inter_2000": 197.08101398590145
  },
  "exp2,0.0100,0.2000,3": {
    "sg4_inter_2000": 176.69624264028698
  },
  "exp2,0.0100,0.2000,4": {
    "sg4_inter_2000": 171.72325673845134
  },
  "exp2,0.0100,0.4000,0": {
    "sg4_inter_2000": 336.889031806244
  },
  "exp2,0.0100,0.4000,1": {
    "sg4_inter_2000": 36.503789343996345
  },
  "exp2,0.0100,0.4000,2": {
    "sg4_inter_2000": 258.48452307240774
  },
  "exp2,0.0100,0.4000,3": {
    "sg4_inter_2000": 191.87015211156552
  },
  "exp2,0.0100,0.4000,4": {
    "sg4_inter_2000": 198.62053414274396
  },
  "exp2,0.0100,0.8000,0": {
    "sg4_inter_2000": 332.81980710736565
  },
  "exp2,0.0100,0.8000,1": {
    "sg4_inter_2000": 34.9153336091614
  },
  "exp2,0.0100,0.8000,2": {
    "sg4_inter_2000": 285.0606772723432
  },
  "exp2,0.0100,0.8000,3": {
    "sg4_inter_2000": 197.19557373430735
  },
  "exp2,0.0100,0.8000,4": {
    "sg4_inter_2000": 221.5535580267344
  },
  "exp2,0.0200,0.0500,0": {
    "sg4_inter_2000": 180.55402150471784
  },
  "exp2,0.0200,0.0500,1": {
    "sg4_inter_2000": 42.66637481566646
  },
  "exp2,0.0200,0.0500,2": {
    "sg4_inter_2000": 46.29721428838666
  },
  "exp2,0.0200,0.0500,3": {
    "sg4_inter_2000": 97.22674452390943
  },
  "exp2,0.0200,0.0500,4": {
    "sg4_inter_2000": 86.5836468650636
  },
  "exp2,0.0200,0.1000,0": {
    "sg4_inter_2000": 266.55236765873104
  },
  "exp2,0.0200,0.1000,1": {
    "sg4_inter_2000": 52.04956946100904
  },
  "exp2,0.0200,0.1000,2": {
    "sg4_inter_2000": 97.11714129925178
  },
  "exp2,0.0200,0.1000,3": {
    "sg4_inter_2000": 137.17233887433557
  },
  "exp2,0.0200,0.1000,4": {
    "sg4_inter_2000": 133.50459366977188
  },
  "exp2,0.0200,0.2000,0": {
    "sg4_inter_2000": 318.73533387456047
  },
  "exp2,0.0200,0.2000,1": {
    "sg4_inter_2000": 48.62913162638637
  },
  "exp2,0.0200,0.2000,2": {
    "sg4_inter_2000": 167.28376680134517
  },
  "exp2,0.0200,0.2000,3": {
    "sg4_inter_2000": 158.44862295213983
  },
  "exp2,0.0200,0.2000,4": {
    "sg4_inter_2000": 169.59013018118222
  },
  "exp2,0.0200,0.4000,0": {
    "sg4_inter_2000": 325.08651595495013
  },
  "exp2,0.0200,0.4000,1": {
    "sg4_inter_2000": 41.41485848695613
  },
  "exp2,0.0200,0.4000,2": {
    "sg4_inter_2000": 217.24864518674516
  },
  "exp2,0.0200,0.4000,3": {
    "sg4_inter_2000": 167.0537866162714
  },
  "exp2,0.0200,0.4000,4": {
    "sg4_inter_2000": 195.03606138127188
  },
  "exp2,0.0200,0.8000,0": {
    "sg4_inter_2000": 322.17304926698586
  },
  "exp2,0.0200,0.8000,1": {
    "sg4_inter_2000": 42.05516774720036
  },
  "exp2,0.0200,0.8000,2": {
    "sg4_inter_2000": 225.631616490739
  },
  "exp2,0.0200,0.8000,3": {
    "sg4_inter_2000": 169.95952259364427
  },
  "exp2,0.0200,0.8000,4": {
    "sg4_inter_2000": 206.53352172239795
  },
  "exp2,0.0400,0.0500,0": {
    "sg4_inter_2000": 166.0557038723267
  },
  "exp2,0.0400,0.0500,1": {
    "sg4_inter_2000": 41.988055188253206
  },
  "exp2,0.0400,0.0500,2": {
    "sg4_inter_2000": 40.73157675787033
  },
  "exp2,0.0400,0.0500,3": {
    "sg4_inter_2000": 91.05833009329886
  },
  "exp2,0.0400,0.0500,4": {
    "sg4_inter_2000": 84.06683165544617
  },
  "exp2,0.0400,0.1000,0": {
    "sg4_inter_2000": 244.52988966892102
  },
  "exp2,0.0400,0.1000,1": {
    "sg4_inter_2000": 52.160960350564636
  },
  "exp2,0.0400,0.1000,2": {
    "sg4_inter_2000": 80.46390353518301
  },
  "exp2,0.0400,0.1000,3": {
    "sg4_inter_2000": 126.97969781935326
  },
  "exp2,0.0400,0.1000,4": {
    "sg4_inter_2000": 130.37072116769886
  },
  "exp2,0.0400,0.2000,0": {
    "sg4_inter_2000": 293.69177029555055
  },
  "exp2,0.0400,0.2000,1": {
    "sg4_inter_2000": 50.50101284987317
  },
  "exp2,0.0400,0.2000,2": {
    "sg4_inter_2000": 132.45761144353685
  },
  "exp2,0.0400,0.2000,3": {
    "sg4_inter_2000": 144.32203287932478
  },
  "exp2,0.0400,0.2000,4": {
    "sg4_inter_2000": 167.5207720717609
  },
  "exp2,0.0400,0.4000,0": {
    "sg4_inter_2000": 302.1443695253483
  },
  "exp2,0.0400,0.4000,1": {
    "sg4_inter_2000": 45.28156620197522
  },
  "exp2,0.0400,0.4000,2": {
    "sg4_inter_2000": 167.66952008231536
  },
  "exp2,0.0400,0.4000,3": {
    "sg4_inter_2000": 144.10949489131283
  },
  "exp2,0.0400,0.4000,4": {
    "sg4_inter_2000": 175.36027879801213
  },
  "exp2,0.0400,0.8000,0": {
    "sg4_inter_2000": 300.8219488965619
  },
  "exp2,0.0400,0.8000,1": {
    "sg4_inter_2000": 47.43929834691712
  },
  "exp2,0.0400,0.8000,2": {
    "sg4_inter_2000": 168.62333291648739
  },
  "exp2,0.0400,0.8000,3": {
    "sg4_inter_2000": 145.69215891172908
  },
  "exp2,0.0400,0.8000,4": {
    "sg4_inter_2000": 178.58216971404556
  }
}