{
  "ctrl_rnd": {
    "sg4_l1": 0.029199780083105732,
    "na_l1": 1.247310702066596,
    "sg4_l2": 0.027773654242416214,
    "snr_l2": 0.12401474478984002,
    "na_l2": 0.9634390281559171,
    "dnorm_l2": 0.03500000000000002,
    "mm_lda_l2": 0.0017836075973054794,
    "coll_l2": 6.51275
  },
  "ctrl_std": {
    "sg4_l1": 0.029199780083105732,
    "na_l1": 1.247310702066596,
    "sg4_l2": 0.021247219521730483,
    "snr_l2": 0.10880098270622937,
    "na_l2": 1.2184692187313302,
    "dnorm_l2": 0.035666666666666666,
    "mm_lda_l2": 0.0014844298273189005,
    "coll_l2": 6.952249999999999
  },
  "geo_copy": {
    "sg4_l1": 0.029199780083105732,
    "na_l1": 1.247310702066596,
    "sg4_l2": 0.01766808368935169,
    "snr_l2": 0.09135479936092741,
    "na_l2": 0.7781516310167481,
    "dnorm_l2": 0.03383333333333332,
    "mm_lda_l2": 0.0015415433330387602,
    "coll_l2": 6.791624999999999
  },
  "geo_4class": {
    "sg4_l1": 0.029199780083105732,
    "na_l1": 1.247310702066596,
    "sg4_l2": 0.018552690214977206,
    "snr_l2": 0.09692723745410263,
    "na_l2": 0.9484788556491782,
    "dnorm_l2": 0.02933333333333333,
    "mm_lda_l2": 0.0019569577306878007,
    "coll_l2": 3.85625
  },
  "geo_own_relay": {
    "sg4_l1": 0.029199780083105732,
    "na_l1": 1.247310702066596,
    "sg4_l2": 0.021262182141220894,
    "snr_l2": 0.11379458322712066,
    "na_l2": 0.8319368478703236,
    "dnorm_l2": 0.045666666666666654,
    "mm_lda_l2": 0.0014594002213936207,
    "coll_l2": 6.8
  }
}