{
  "0.00": {
    "align_A": [
      9.220774160354882,
      78.10343999068778,
      -35.37015603168947,
      41.86826878952529,
      158.55578828954583
    ],
    "align_B": [
      152.1510750971056,
      83.64308819568183,
      88.81125676173724,
      47.69955811574681,
      34.026081349313785
    ]
  },
  "0.25": {
    "align_A": [
      9.220774160354882,
      78.10343999068778,
      -35.37015603168947,
      41.86826878952529,
      158.55578828954583
    ],
    "align_B": [
      131.7229367171619,
      79.95369300293717,
      71.90469210982963,
      40.044659075503354,
      26.074041869742253
    ]
  },
  "0.50": {
    "align_A": [
      9.220774160354882,
      78.10343999068778,
      -35.37015603168947,
      41.86826878952529,
      158.55578828954583
    ],
    "align_B": [
      102.5103649188547,
      70.45159155330845,
      51.99396928848007,
      30.709853662168797,
      17.750175066324815
    ]
  },
  "0.75": {
    "align_A": [
      9.220774160354882,
      78.10343999068778,
      -35.37015603168947,
      41.86826878952529,
      158.55578828954583
    ],
    "align_B": [
      60.57222983627913,
      48.393923215484904,
      28.32879141717469,
      18.195146321660022,
      9.054480939061495
    ]
  },
  "1.00": {
    "align_A": [
      9.220774160354882,
      78.10343999068778,
      -35.37015603168947,
      41.86826878952529,
      158.55578828954583
    ],
    "align_B": [
      0.03430113610071206,
      0.01865714135973231,
      0.016541872307269206,
      0.0014903324153269799,
      -0.01304051204769235
    ]
  }
}