{
  "A": {
    "L40_pc0.000": {
      "L": 40,
      "pc": 0.0,
      "absM": 0.000608628170327771,
      "U4": 0.050411985844438865,
      "U4_se": 0.08611755443579536,
      "chi": 0.00041911366989941246
    },
    "L40_pc0.002": {
      "L": 40,
      "pc": 0.002,
      "absM": 0.0006143763596661635,
      "U4": 0.060393790236769274,
      "U4_se": 0.07920361782565577,
      "chi": 0.00042168408926064946
    },
    "L40_pc0.004": {
      "L": 40,
      "pc": 0.004,
      "absM": 0.0006193342592992191,
      "U4": 0.061847140616000724,
      "U4_se": 0.0769398432802923,
      "chi": 0.0004206373539577096
    },
    "L40_pc0.006": {
      "L": 40,
      "pc": 0.006,
      "absM": 0.0006287722848966828,
      "U4": 0.06840271660853935,
      "U4_se": 0.07617348464240455,
      "chi": 0.0004210873000316863
    },
    "L40_pc0.008": {
      "L": 40,
      "pc": 0.008,
      "absM": 0.0006354935973031472,
      "U4": 0.06047307923484516,
      "U4_se": 0.08223512982778981,
      "chi": 0.00042049134772138727
    },
    "L40_pc0.010": {
      "L": 40,
      "pc": 0.01,
      "absM": 0.0006469961876630253,
      "U4": 0.06737662357874884,
      "U4_se": 0.07437392696369273,
      "chi": 0.0004207625377374039
    },
    "L40_pc0.015": {
      "L": 40,
      "pc": 0.015,
      "absM": 0.0006745302939174251,
      "U4": 0.07792961360469243,
      "U4_se": 0.07494824033241533,
      "chi": 0.00041467446249182914
    },
    "L40_pc0.020": {
      "L": 40,
      "pc": 0.02,
      "absM": 0.0007227754319177614,
      "U4": 0.10398913990408253,
      "U4_se": 0.07098109275182408,
      "chi": 0.00042500857265512145
    },
    "L40_pc0.030": {
      "L": 40,
      "pc": 0.03,
      "absM": 0.0008226396956064905,
      "U4": 0.16063837092467884,
      "U4_se": 0.0566047472678364,
      "chi": 0.0004240520269403474
    },
    "L60_pc0.000": {
      "L": 60,
      "pc": 0.0,
      "absM": 0.0004194686310051386,
      "U4": 0.023303743014336104,
      "U4_se": 0.07651964323034238,
      "chi": 0.0004302273539581165
    },
    "L60_pc0.002": {
      "L": 60,
      "pc": 0.002,
      "absM": 0.000420960436860186,
      "U4": 0.027583638360767205,
      "U4_se": 0.07065114202834079,
      "chi": 0.0004307734706610435
    },
    "L60_pc0.004": {
      "L": 60,
      "pc": 0.004,
      "absM": 0.00042368379469908323,
      "U4": 0.0361893227047358,
      "U4_se": 0.07588068368142185,
      "chi": 0.0004270241754002948
    },
    "L60_pc0.006": {
      "L": 60,
      "pc": 0.006,
      "absM": 0.0004302587426836812,
      "U4": 0.043145460829775405,
      "U4_se": 0.0765268450007679,
      "chi": 0.0004280055325732943
    },
    "L60_pc0.008": {
      "L": 60,
      "pc": 0.008,
      "absM": 0.00043713057296893406,
      "U4": 0.056137813445530683,
      "U4_se": 0.072105823890548,
      "chi": 0.00042724235701729657
    },
    "L60_pc0.010": {
      "L": 60,
      "pc": 0.01,
      "absM": 0.000447268658069794,
      "U4": 0.06982869739798149,
      "U4_se": 0.06911541370706924,
      "chi": 0.0004261633409930018
    },
    "L60_pc0.015": {
      "L": 60,
      "pc": 0.015,
      "absM": 0.0004747204847976316,
      "U4": 0.12927088361620462,
      "U4_se": 0.04447557772956515,
      "chi": 0.00042035609256519025
    },
    "L60_pc0.020": {
      "L": 60,
      "pc": 0.02,
      "absM": 0.0005231743424384614,
      "U4": 0.17461577200520603,
      "U4_se": 0.036410090037005786,
      "chi": 0.00042382026061186574
    },
    "L60_pc0.030": {
      "L": 60,
      "pc": 0.03,
      "absM": 0.000629443697535906,
      "U4": 0.2559023588239988,
      "U4_se": 0.03039681206651125,
      "chi": 0.0004285566866024685
    },
    "L80_pc0.000": {
      "L": 80,
      "pc": 0.0,
      "absM": 0.00032843681020495113,
      "U4": 0.1129042704523548,
      "U4_se": 0.045602756202276336,
      "chi": 0.000506334760305828
    },
    "L80_pc0.002": {
      "L": 80,
      "pc": 0.002,
      "absM": 0.0003292460782786663,
      "U4": 0.10036556084401584,
      "U4_se": 0.04490691925568247,
      "chi": 0.0005054548258718451
    },
    "L80_pc0.004": {
      "L": 80,
      "pc": 0.004,
      "absM": 0.00033520336338252395,
      "U4": 0.09454516705713828,
      "U4_se": 0.041737268391127944,
      "chi": 0.0005068379743163809
    },
    "L80_pc0.006": {
      "L": 80,
      "pc": 0.006,
      "absM": 0.00034266855467903336,
      "U4": 0.10196774543169625,
      "U4_se": 0.04060402037648486,
      "chi": 0.0005049315454932693
    },
    "L80_pc0.008": {
      "L": 80,
      "pc": 0.008,
      "absM": 0.00035171354120238545,
      "U4": 0.0965742867008648,
      "U4_se": 0.04010269424974424,
      "chi": 0.0005021164686836798
    },
    "L80_pc0.010": {
      "L": 80,
      "pc": 0.01,
      "absM": 0.0003653568723419958,
      "U4": 0.10728053378209118,
      "U4_se": 0.0386275980431197,
      "chi": 0.0005054099287708236
    },
    "L80_pc0.015": {
      "L": 80,
      "pc": 0.015,
      "absM": 0.00040526653368210463,
      "U4": 0.1630632354487924,
      "U4_se": 0.03062250192777291,
      "chi": 0.0005031744551044036
    },
    "L80_pc0.020": {
      "L": 80,
      "pc": 0.02,
      "absM": 0.00045802559154355257,
      "U4": 0.21200850501921095,
      "U4_se": 0.03247016415341449,
      "chi": 0.0005061768074668305
    },
    "L80_pc0.030": {
      "L": 80,
      "pc": 0.03,
      "absM": 0.0005863666995153616,
      "U4": 0.3255391907201341,
      "U4_se": 0.02508378750174087,
      "chi": 0.00048396029612238347
    },
    "L100_pc0.000": {
      "L": 100,
      "pc": 0.0,
      "absM": 0.00023453076620197867,
      "U4": 0.11050999002276074,
      "U4_se": 0.04765152297276206,
      "chi": 0.0003689473637498451
    },
    "L100_pc0.002": {
      "L": 100,
      "pc": 0.002,
      "absM": 0.00023915277230868097,
      "U4": 0.1190171749361988,
      "U4_se": 0.036644191772610614,
      "chi": 0.0003679007089138274
    },
    "L100_pc0.004": {
      "L": 100,
      "pc": 0.004,
      "absM": 0.00024664372085650394,
      "U4": 0.10618874509444516,
      "U4_se": 0.05160852188486263,
      "chi": 0.00036814662119516407
    },
    "L100_pc0.006": {
      "L": 100,
      "pc": 0.006,
      "absM": 0.0002562124714147827,
      "U4": 0.09745114034393716,
      "U4_se": 0.06235507744487358,
      "chi": 0.00036852888699373396
    },
    "L100_pc0.008": {
      "L": 100,
      "pc": 0.008,
      "absM": 0.000269361394751717,
      "U4": 0.09213046831163574,
      "U4_se": 0.07653938879368774,
      "chi": 0.00037319268819754333
    },
    "L100_pc0.010": {
      "L": 100,
      "pc": 0.01,
      "absM": 0.0002825366575812254,
      "U4": 0.0896117096040745,
      "U4_se": 0.088345751106048,
      "chi": 0.00037347878294971185
    },
    "L100_pc0.015": {
      "L": 100,
      "pc": 0.015,
      "absM": 0.0003290665003645415,
      "U4": 0.15023529056936172,
      "U4_se": 0.0803860785541648,
      "chi": 0.000384550548713724
    },
    "L100_pc0.020": {
      "L": 100,
      "pc": 0.02,
      "absM": 0.00038836817553375425,
      "U4": 0.24014896717399822,
      "U4_se": 0.060668935063898505,
      "chi": 0.00038784572252896873
    },
    "L100_pc0.030": {
      "L": 100,
      "pc": 0.03,
      "absM": 0.0005263620853542536,
      "U4": 0.38752188159777323,
      "U4_se": 0.03529871880936235,
      "chi": 0.0003917299885453966
    },
    "L120_pc0.000": {
      "L": 120,
      "pc": 0.0,
      "absM": 0.0001963035196642292,
      "U4": 0.130212693698605,
      "U4_se": 0.031067516557459356,
      "chi": 0.00035332934498136936
    },
    "L120_pc0.002": {
      "L": 120,
      "pc": 0.002,
      "absM": 0.00020333611753762466,
      "U4": 0.1333541906125706,
      "U4_se": 0.03026440255517898,
      "chi": 0.0003510768898988572
    },
    "L120_pc0.004": {
      "L": 120,
      "pc": 0.004,
      "absM": 0.00021448121884562997,
      "U4": 0.15487790333900395,
      "U4_se": 0.032897326910420646,
      "chi": 0.0003535589955239015
    },
    "L120_pc0.006": {
      "L": 120,