{
  "exp_a": {
    "2": {
      "delta": 10.0,
      "zw": 20,
      "sg4_mean": 0.017437951645531823,
      "sg4_se": 0.00130852890942692,
      "sg4_vals": [
        0.02274375965523406,
        0.0176528911421818,
        0.017304839150801832,
        0.014547441992409977,
        0.014940826287031425
      ],
      "na_ratio": NaN,
      "coll_site": 7.155875
    },
    "4": {
      "delta": 5.0,
      "zw": 10,
      "sg4_mean": 0.02439946627628586,
      "sg4_se": 0.001968151425164895,
      "sg4_vals": [
        0.028933834506060043,
        0.022509231645081926,
        0.017598263272287078,
        0.02349387269063014,
        0.02946212926737012
      ],
      "na_ratio": 1.0609827188876833,
      "coll_site": 6.92525
    },
    "5": {
      "delta": 4.0,
      "zw": 8,
      "sg4_mean": 0.021693813642971013,
      "sg4_se": 0.001396007651801776,
      "sg4_vals": [
        0.018984599593600805,
        0.022135136733510044,
        0.02756515360029498,
        0.019559469221860703,
        0.020224709065588525
      ],
      "na_ratio": 0.971395343710763,
      "coll_site": 5.542125
    },
    "8": {
      "delta": 2.5,
      "zw": 5,
      "sg4_mean": 0.02893580664696862,
      "sg4_se": 0.0010170262570756167,
      "sg4_vals": [
        0.03059650389715939,
        0.030361338255449753,
        0.02510221791109205,
        0.031054884602799915,
        0.027564088568342002
      ],
      "na_ratio": 0.9705353144634946,
      "coll_site": 6.452125
    },
    "10": {
      "delta": 2.0,
      "zw": 4,
      "sg4_mean": 0.03273290547641976,
      "sg4_se": 0.0014962376739973931,
      "sg4_vals": [
        0.03176210875031696,
        0.030460506868254373,
        0.03223051014602614,
        0.039220612071593226,
        0.02999078954590812
      ],
      "na_ratio": 1.0356372963392897,
      "coll_site": 6.3870000000000005
    }
  },
  "exp_b": {
    "0.000_ss0": {
      "fidelity_mean": -0.21903625632457535,
      "fidelity_se": 0.16688202612207656,
      "fidelity_vals": [
        -0.40443601088075837,
        0.4713807550920429,
        -0.30851397387242974,
        -0.6399359524560781,
        -0.21367609950565342
      ]
    },
    "0.000_ss5": {
      "fidelity_mean": 0.052098344542567745,
      "fidelity_se": 0.08316750346086728,
      "fidelity_vals": [
        -0.2033683531562794,
        0.3343865247393622,
        0.15248084423444347,
        -0.08151763693640349,
        0.058510343831715994
      ]
    },
    "0.000_ss10": {
      "fidelity_mean": 0.10703751007337689,
      "fidelity_se": 0.07706730024691487,
      "fidelity_vals": [
        -0.16695357391484575,
        0.37744137658322474,
        0.12050632957068752,
        0.10778098242577148,
        0.0964124357020465
      ]
    },
    "0.000_ss15": {
      "fidelity_mean": 0.17181876241707444,
      "fidelity_se": 0.05502009785810199,
      "fidelity_vals": [
        0.1268096783886275,
        0.41552802037848824,
        0.08632548237574836,
        0.13169648354536267,
        0.09873414739714535
      ]
    },
    "0.000_ss20": {
      "fidelity_mean": 0.0887371880631215,
      "fidelity_se": 0.08882470830918972,
      "fidelity_vals": [
        -0.1969880213196392,
        0.4188002192818533,
        0.013716086456159599,
        0.12090622801697913,
        0.0872514278802547
      ]
    },
    "0.000_rand_p60": {
      "fidelity_mean": -0.14388709883999057,
      "fidelity_se": 0.15675138862466803,
      "fidelity_vals": [
        -0.419269401599191,
        0.4787692958662222,
        -0.3299821068691841,
        -0.45154254179777786,
        0.0025892601999778775
      ]
    },
    "0.125_ss0": {
      "fidelity_mean": -0.14377731600484286,
      "fidelity_se": 0.2030219536103922,
      "fidelity_vals": [
        -0.5400680227883657,
        -0.2270245536758091,
        0.7003755954111526,
        -0.1170330840975082,
        -0.5351365148736839
      ]
    },
    "0.125_ss5": {
      "fidelity_mean": -0.06549971894825972,
      "fidelity_se": 0.14318474398812284,
      "fidelity_vals": [
        -0.23797971782693006,
        -0.17741375072470741,
        0.5577438564777438,
        -0.34544736441084983,
        -0.12440161825655512
      ]
    },
    "0.125_ss10": {
      "fidelity_mean": -0.06792335612844633,
      "fidelity_se": 0.1780526251758656,
      "fidelity_vals": [
        -0.2786914396518759,
        -0.21730616157939742,
        0.7084340706036449,
        -0.4110918511495088,
        -0.14096139886509446
      ]
    },
    "0.125_ss15": {
      "fidelity_mean": -0.0610129468357401,
      "fidelity_se": 0.20132514406811267,
      "fidelity_vals": [
        -0.26677393315081604,
        -0.25913608619793616,
        0.8134865711397694,
        -0.46397527062403626,
        -0.1286660153456814
      ]
    },
    "0.125_ss20": {
      "fidelity_mean": -0.07643493904821026,
      "fidelity_se": 0.20293057130296943,
      "fidelity_vals": [
        -0.2416704383900944,
        -0.30027071478818423,
        0.8032619560862831,
        -0.49188272145613,
        -0.15161277669292583
      ]
    },
    "0.125_rand_p60": {
      "fidelity_mean": -0.052453157531741804,
      "fidelity_se": 0.10695650192371182,
      "fidelity_vals": [
        -0.1489832204562095,
        0.08372207564195418,
        0.3410631822248872,
        -0.3378126479297047,
        -0.20025517713963611
      ]
    },
    "0.250_ss0": {
      "fidelity_mean": -0.06967936337641292,
      "fidelity_se": 0.15395601683092158,
      "fidelity_vals": [
        -0.07928304754675944,
        0.21957680527699755,
        0.355080934918632,
        -0.622235475041147,
        -0.22153603448978781
      ]
    },
    "0.250_ss5": {
      "fidelity_mean": -0.08088102841798009,
      "fidelity_se": 0.1047212366797667,
      "fidelity_vals": [
        -0.2758302602030541,
        -0.2256846123178364,
        0.3741293479016389,
        -0.16601943622652285,
        -0.11100018124412597
      ]
    },
    "0.250_ss10": {
      "fidelity_mean": -0.10804571337797504,
      "fidelity_se": 0.13159503045032664,
      "fidelity_vals": [
        -0.29769994535586297,
        -0.2616777917631159,
        0.47625023598239413,
        -0.26672891865151716,
        -0.19037214710177336
      ]
    },
    "0.250_ss15": {
      "fidelity_mean": -0.11219930755913694,
      "fidelity_se": 0.14228261326211833,
      "fidelity_vals": [
        -0.13939783083859614,
        -0.3096956282038876,
        0.5026846655074914,
        -0.22932619935508872,
        -0.38526154490560366
      ]
    },
    "0.250_ss20": {
      "fidelity_mean": -0.05763608295171293,
      "fidelity_se": 0.14777950125853176,
      "fidelity_vals": [
        -0.17295054732170426,
        -0.3184301273748451,
        0.5243340119065821,
        0.06832160984230423,
        -0.3894553618109017
      ]
    },
    "0.250_rand_p60": {
      "fidelity_mean": 0.02050246911779422,
      "fidelity_se": 0.1076462892156102,
      "fidelity_vals": [
        0.41278364361638903,
        -0.09173619376555758,
        0.16988995079492591,
        -0.12829829164550366,
        -0.2601267634112826
      ]
    },
    "0.500_ss0": {
      "fidelity_mean": -0.2117340197960022,
      "fidelity_se": 0.15349845792543707,
      "fidelity_vals": [
        -0.47590035821931614,
        0.24382031246863964,
        0.022166019081550848,
        -0.712983846095442,
        -0.13577222621544344
      ]
    },
    "0.500_ss5": {
      "fidelity_mean": -0.07724549470999789,
      "fidelity_se": 0.14183661021766558,
      "fidelity_vals": [
        -0.15882463649637962,
        0.0631255902228999,
        0.2746994292439251,
        -0.6489223949903997,
        0.08369453846996489
      ]
    },
    "0.500_ss10": {
      "fidelity_mean": -0.15732241550358922,
      "fidelity_se": 0.16657436241810056,