{
  "scan": {
    "0.0": {
      "S_phi": 0.07051253368596282,
      "absM": 0.0006347291040043996,
      "U4": 0.01313118492984986,
      "chi": 0.0004621536878121383
    },
    "0.04": {
      "S_phi": 0.10912996961598649,
      "absM": 0.0010168886123097815,
      "U4": 0.2615759009450923,
      "chi": 0.000457722603753694
    },
    "0.08": {
      "S_phi": 0.14375353983515055,
      "absM": 0.0015765833355769574,
      "U4": 0.44332336758033913,
      "chi": 0.00045361219324807606
    },
    "0.12": {
      "S_phi": 0.17578206014047162,
      "absM": 0.002275705380538922,
      "U4": 0.5266146852490631,
      "chi": 0.0004977703055798553
    },
    "0.16": {
      "S_phi": 0.21526905439065264,
      "absM": 0.0029384981747069172,
      "U4": 0.581321176394163,
      "chi": 0.0004639195999363319
    },
    "0.2": {
      "S_phi": 0.25662760077440305,
      "absM": 0.003596731944828158,
      "U4": 0.6057485266252569,
      "chi": 0.0004915893503931491
    },
    "0.24": {
      "S_phi": 0.29685467296806023,
      "absM": 0.004231996432161101,
      "U4": 0.6210155202386831,
      "chi": 0.0004949447151360402
    },
    "0.28": {
      "S_phi": 0.3298358868826952,
      "absM": 0.004926979525199909,
      "U4": 0.6362218972812713,
      "chi": 0.00044369632228995247
    },
    "0.32": {
      "S_phi": 0.3662514322417199,
      "absM": 0.005627012241829555,
      "U4": 0.6405829969228591,
      "chi": 0.0004901730014857277
    },
    "0.36": {
      "S_phi": 0.4033296142066761,
      "absM": 0.006259450735580886,
      "U4": 0.6447840267209834,
      "chi": 0.0005005640463519626
    },
    "0.4": {
      "S_phi": 0.4403710655922769,
      "absM": 0.006941582755972821,
      "U4": 0.6498339751092412,
      "chi": 0.00048140883962194766
    },
    "0.44": {
      "S_phi": 0.4730910654819553,
      "absM": 0.007659633029792659,
      "U4": 0.6537215632063423,
      "chi": 0.00045603977025020367
    },
    "0.48": {
      "S_phi": 0.5085975817888796,
      "absM": 0.008302565307832613,
      "U4": 0.6551445436090498,
      "chi": 0.0004758940414155607
    },
    "0.52": {
      "S_phi": 0.5423554582963004,
      "absM": 0.008944030528523956,
      "U4": 0.6559761937716653,
      "chi": 0.0005140912102636625
    },
    "0.56": {
      "S_phi": 0.5775655051904792,
      "absM": 0.009555565769165532,
      "U4": 0.6573854588295948,
      "chi": 0.0005133398799317727
    },
    "0.6": {
      "S_phi": 0.610521807486063,
      "absM": 0.01022814378906665,
      "U4": 0.6583298466787749,
      "chi": 0.0005288213670921457
    },
    "0.64": {
      "S_phi": 0.6343971745759799,
      "absM": 0.010874748142526225,
      "U4": 0.6595661996665892,
      "chi": 0.0005061963554511825
    },
    "0.68": {
      "S_phi": 0.6801524650100775,
      "absM": 0.011489439937681421,
      "U4": 0.659992062765774,
      "chi": 0.0005275044215461312
    }
  },
  "fss": {
    "L20_pc0.00": {
      "S_phi": 0.05101484736384567,
      "S_phi_se": 0.011264623888208149,
      "absM": 0.002359588176296252,
      "absM_se": 0.00017513852995284165,
      "U4": 0.12595340683904307,
      "chi": 0.001227824609413474,
      "L": 20,
      "pc": 0.0
    },
    "L20_pc0.05": {
      "S_phi": 0.12272737849703859,
      "S_phi_se": 0.031722706367383294,
      "absM": 0.004105906878540627,
      "absM_se": 0.00040995449935515957,
      "U4": 0.3826671222544108,
      "chi": 0.0013995547351705621,
      "L": 20,
      "pc": 0.05
    },
    "L20_pc0.10": {
      "S_phi": 0.2576383225095856,
      "S_phi_se": 0.03724687648430657,
      "absM": 0.007569004323068021,
      "absM_se": 0.0005680044954107395,
      "U4": 0.5193198881001211,
      "chi": 0.0016006195871618456,
      "L": 20,
      "pc": 0.1
    },
    "L20_pc0.15": {
      "S_phi": 0.3516408352549031,
      "S_phi_se": 0.04415256224603792,
      "absM": 0.010800959599166554,
      "absM_se": 0.0006787165583103796,
      "U4": 0.5718091779453591,
      "chi": 0.001859458883310303,
      "L": 20,
      "pc": 0.15
    },
    "L20_pc0.20": {
      "S_phi": 0.4261508069631166,
      "S_phi_se": 0.04624280515945452,
      "absM": 0.014382259006218867,
      "absM_se": 0.0006330596401571225,
      "U4": 0.6063539677874016,
      "chi": 0.00196295212442689,
      "L": 20,
      "pc": 0.2
    },
    "L20_pc0.25": {
      "S_phi": 0.5210414492050527,
      "S_phi_se": 0.049037245663699755,
      "absM": 0.018146835257514024,
      "absM_se": 0.0007241995403803152,
      "U4": 0.631798842479969,
      "chi": 0.0017735078899685417,
      "L": 20,
      "pc": 0.25
    },
    "L20_pc0.30": {
      "S_phi": 0.6063528974738406,
      "S_phi_se": 0.04396451944198805,
      "absM": 0.0217764989624808,
      "absM_se": 0.0006415926054005103,
      "U4": 0.6416087690415611,
      "chi": 0.0017979551003589433,
      "L": 20,
      "pc": 0.3
    },
    "L20_pc0.35": {
      "S_phi": 0.704779655579892,
      "S_phi_se": 0.041555387167956585,
      "absM": 0.025064289482095038,
      "absM_se": 0.0006601719320471525,
      "U4": 0.6451680155659134,
      "chi": 0.002070639612242571,
      "L": 20,
      "pc": 0.35
    },
    "L20_pc0.40": {
      "S_phi": 0.7990322650182364,
      "S_phi_se": 0.04410500533977047,
      "absM": 0.028531470832537226,
      "absM_se": 0.0006875975914844119,
      "U4": 0.6503539742714842,
      "chi": 0.0020447374811933,
      "L": 20,
      "pc": 0.4
    },
    "L20_pc0.45": {
      "S_phi": 0.8730356773285088,
      "S_phi_se": 0.043225150014043666,
      "absM": 0.031808585108299536,
      "absM_se": 0.000761915055553944,
      "U4": 0.6533369777686024,
      "chi": 0.002023892852030555,
      "L": 20,
      "pc": 0.45
    },
    "L20_pc0.50": {
      "S_phi": 0.9466350853750839,
      "S_phi_se": 0.04254233347169943,
      "absM": 0.03477025619266227,
      "absM_se": 0.0007705513132660646,
      "U4": 0.6546221429999086,
      "chi": 0.0021980766488492115,
      "L": 20,
      "pc": 0.5
    },
    "L20_pc0.55": {
      "S_phi": 1.010336908811229,
      "S_phi_se": 0.04680065158325535,
      "absM": 0.03780021161643896,
      "absM_se": 0.000797363971054238,
      "U4": 0.6567137016063098,
      "chi": 0.0021136886444028035,
      "L": 20,
      "pc": 0.55
    },
    "L20_pc0.60": {
      "S_phi": 1.07400255946478,
      "S_phi_se": 0.039453977821596035,
      "absM": 0.04127204108989414,
      "absM_se": 0.0007981730887560676,
      "U4": 0.6572514191347052,
      "chi": 0.0023188173162575995,
      "L": 20,
      "pc": 0.6
    },
    "L30_pc0.00": {
      "S_phi": 0.07925446848303061,
      "S_phi_se": 0.018873471137588287,
      "absM": 0.0011861278152284292,
      "absM_se": 9.178946030624418e-05,
      "U4": 0.07467412495194606,
      "chi": 0.0006882553309112526,
      "L": 30,
      "pc": 0.0
    },
    "L30_pc0.05": {
      "S_phi": 0.12061999394355875,
      "S_phi_se": 0.03952637004526027,
      "absM": 0.0018487345283064247,
      "absM_se": 0.00023076392043827701,
      "U4": 0.27448283439256266,
      "chi": 0.0006825950039208349,
      "L": 30,
      "pc": 0.05
    },
    "L30_pc0.10": {
      "S_phi": 0.15178467822514263,
      "S_phi_se": 0.04661019286374117,
      "absM": 0.003058573050354706,
      "absM_se": 0.0003472078042093081,
      "U4": 0.4618808821238384,
      "chi": 0.0007509648204165095,
      "L": 30,
      "pc": 0.1
    },
    "L30_pc0.15": {
      "S_phi": 0.2216499051289194,
      "S_phi_se": 0.04559123956823995,
      "absM": 0.004594971389258828,
      "absM_se": 0.00036896985696343654,
      "U4": 0.5514373058011618,
      "chi": 0.0008292840884595832,
      "L": 30,
      "pc": 0.15
    },
    "L30_pc0.20": {
      "S_phi": 0.2938145719153599,
      "S_phi_se": 0.0465408785250354,
      "absM": 0.006103802979612931,
      "absM_se": 0.0004092784338188358,
      "U4": 0.5991718418888471,
      "chi": 0.0008553407681016368,
      "L": 30,
      "pc": 0.2
    },
    "L30_pc0.25": {
      "S_phi": 0.34326869469995747,
      "S_phi_se": 0.05042833605534774,