{
  "A": {
    "1": {
      "absM": 8.225744553262773e-05,
      "absM_se": 5.409685903922979e-06,
      "U4": 0.1515183168491298,
      "U4_se": 0.02151517401486261,
      "chi": 2.4016412323652094e-05
    },
    "2": {
      "absM": 0.00012257511565331867,
      "absM_se": 6.9558208280371425e-06,
      "U4": -0.10221765405114458,
      "U4_se": 0.13026338464165166,
      "chi": 7.950617702003964e-05
    },
    "3": {
      "absM": 0.00022087739099969626,
      "absM_se": 1.2102703111233237e-05,
      "U4": 0.1443072852089285,
      "U4_se": 0.0691617478773977,
      "chi": 0.00015616549342398593
    },
    "4": {
      "absM": 0.00033248267898323535,
      "absM_se": 2.734989885720128e-05,
      "U4": 0.1509673841102174,
      "U4_se": 0.08235092714563688,
      "chi": 0.00026623128444459713
    },
    "5": {
      "absM": 0.0004065485138123556,
      "absM_se": 2.4022254729743603e-05,
      "U4": 0.24443333193180505,
      "U4_se": 0.05328037450515726,
      "chi": 0.0003710362570346919
    },
    "6": {
      "absM": 0.0004352885432276754,
      "absM_se": 5.744127353892612e-05,
      "U4": 0.08967263435926748,
      "U4_se": 0.13207436636557335,
      "chi": 0.00042369414612873396
    },
    "8": {
      "absM": 0.0008257983066336724,
      "absM_se": 3.832781607614021e-05,
      "U4": 0.3384691910908823,
      "U4_se": 0.0474572213075747,
      "chi": 0.0009356895362685582
    }
  },
  "B": {
    "rw1_L40_pc0.0050": {
      "r_w": 1,
      "L": 40,
      "pc": 0.005,
      "absM": 0.0005245329660833593,
      "absM_se": 2.902011763696138e-05,
      "U4": 0.06481958238826403,
      "U4_se": 0.05785113467651382,
      "chi": 0.00028761345479727383
    },
    "rw1_L40_pc0.0100": {
      "r_w": 1,
      "L": 40,
      "pc": 0.01,
      "absM": 0.0005415419471257236,
      "absM_se": 3.7212202277637974e-05,
      "U4": 0.0672083406066466,
      "U4_se": 0.05802389292687389,
      "chi": 0.00028779429724911813
    },
    "rw1_L40_pc0.0200": {
      "r_w": 1,
      "L": 40,
      "pc": 0.02,
      "absM": 0.0005897705013816439,
      "absM_se": 4.146723177652546e-05,
      "U4": 0.07611558291116548,
      "U4_se": 0.04632747560939069,
      "chi": 0.00029276341693196896
    },
    "rw1_L40_pc0.0500": {
      "r_w": 1,
      "L": 40,
      "pc": 0.05,
      "absM": 0.0008118532157876391,
      "absM_se": 6.36603009540395e-05,
      "U4": 0.198398552878163,
      "U4_se": 0.06523636365313461,
      "chi": 0.0003066200303070459
    },
    "rw1_L60_pc0.0050": {
      "r_w": 1,
      "L": 60,
      "pc": 0.005,
      "absM": 0.00044361791441883237,
      "absM_se": 1.3392734483655665e-05,
      "U4": 0.19335957515320892,
      "U4_se": 0.03863899261322862,
      "chi": 0.0004015057743857026
    },
    "rw1_L60_pc0.0100": {
      "r_w": 1,
      "L": 60,
      "pc": 0.01,
      "absM": 0.0004501521440101489,
      "absM_se": 1.6495817930048792e-05,
      "U4": 0.2203177818285,
      "U4_se": 0.04320993649832674,
      "chi": 0.00040251444658143424
    },
    "rw1_L60_pc0.0200": {
      "r_w": 1,
      "L": 60,
      "pc": 0.02,
      "absM": 0.00047835118266423716,
      "absM_se": 2.6737182532634923e-05,
      "U4": 0.2587165063423986,
      "U4_se": 0.03663742107882178,
      "chi": 0.0003991791556248931
    },
    "rw1_L60_pc0.0500": {
      "r_w": 1,
      "L": 60,
      "pc": 0.05,
      "absM": 0.0006157756178183626,
      "absM_se": 4.8877240423655864e-05,
      "U4": 0.2946565087317124,
      "U4_se": 0.026506193886509027,
      "chi": 0.0004275390466914394
    },
    "rw1_L80_pc0.0050": {
      "r_w": 1,
      "L": 80,
      "pc": 0.005,
      "absM": 0.00018691903304039075,
      "absM_se": 6.60590741354937e-06,
      "U4": 0.1976053429663007,
      "U4_se": 0.02292801131291063,
      "chi": 0.00012881805192828228
    },
    "rw1_L80_pc0.0100": {
      "r_w": 1,
      "L": 80,
      "pc": 0.01,
      "absM": 0.00019660634950261215,
      "absM_se": 8.930939142079681e-06,
      "U4": 0.19971010125720326,
      "U4_se": 0.035741799980683005,
      "chi": 0.00012751891758988506
    },
    "rw1_L80_pc0.0200": {
      "r_w": 1,
      "L": 80,
      "pc": 0.02,
      "absM": 0.00021845698486658166,
      "absM_se": 1.6217531182853295e-05,
      "U4": 0.20642983576161192,
      "U4_se": 0.05484938447973463,
      "chi": 0.0001306552053836187
    },
    "rw1_L80_pc0.0500": {
      "r_w": 1,
      "L": 80,
      "pc": 0.05,
      "absM": 0.0003379938545418873,
      "absM_se": 3.609920881732372e-05,
      "U4": 0.2650288399741305,
      "U4_se": 0.14989482171581864,
      "chi": 0.00012998145004037285
    },
    "rw1_L100_pc0.0050": {
      "r_w": 1,
      "L": 100,
      "pc": 0.005,
      "absM": 0.00012353850374231424,
      "absM_se": 6.257882956944446e-06,
      "U4": 0.04835982928089877,
      "U4_se": 0.13117277462702082,
      "chi": 9.965857064261949e-05
    },
    "rw1_L100_pc0.0100": {
      "r_w": 1,
      "L": 100,
      "pc": 0.01,
      "absM": 0.00012681254153101251,
      "absM_se": 6.02560852934254e-06,
      "U4": 0.0513488847232327,
      "U4_se": 0.12511955426225296,
      "chi": 9.99004560547865e-05
    },
    "rw1_L100_pc0.0200": {
      "r_w": 1,
      "L": 100,
      "pc": 0.02,
      "absM": 0.00013526287595889912,
      "absM_se": 8.492100965090015e-06,
      "U4": 0.06551098942879585,
      "U4_se": 0.09336434934672688,
      "chi": 9.48144420213312e-05
    },
    "rw1_L100_pc0.0500": {
      "r_w": 1,
      "L": 100,
      "pc": 0.05,
      "absM": 0.00020752151466150827,
      "absM_se": 2.064964123927211e-05,
      "U4": 0.27906051083124556,
      "U4_se": 0.04194486666425555,
      "chi": 8.757601673556506e-05
    },
    "rw1_L120_pc0.0050": {
      "r_w": 1,
      "L": 120,
      "pc": 0.005,
      "absM": 9.30229881330453e-05,
      "absM_se": 5.092903332462801e-06,
      "U4": 0.2375588181455035,
      "U4_se": 0.06237455953705302,
      "chi": 6.837557112605417e-05
    },
    "rw1_L120_pc0.0100": {
      "r_w": 1,
      "L": 120,
      "pc": 0.01,
      "absM": 9.564258821122382e-05,
      "absM_se": 5.5890058972602135e-06,
      "U4": 0.2638422307618515,
      "U4_se": 0.05406449265665313,
      "chi": 6.90585942247831e-05
    },
    "rw1_L120_pc0.0200": {
      "r_w": 1,
      "L": 120,
      "pc": 0.02,
      "absM": 0.00010261966233263111,
      "absM_se": 6.405239630466864e-06,
      "U4": 0.2922102960248813,
      "U4_se": 0.03587956047431185,
      "chi": 6.973309416409817e-05
    },
    "rw1_L120_pc0.0500": {
      "r_w": 1,
      "L": 120,
      "pc": 0.05,
      "absM": 0.0001476706564171663,
      "absM_se": 1.656137603655e-05,
      "U4": 0.33105276821334745,
      "U4_se": 0.07679546616408404,
      "chi": 6.86099156740945e-05
    },
    "rw5_L40_pc0.0050": {
      "r_w": 5,
      "L": 40,
      "pc": 0.005,
      "absM": 0.0005100775122289771,
      "absM_se": 2.500945614966613e-05,
      "U4": 0.03990311472810106,
      "U4_se": 0.1256909318980479,
      "chi": 0.0003058277471199421
    },
    "rw5_L40_pc0.0100": {
      "r_w": 5,
      "L": 40,
      "pc": 0.01,
      "absM": 0.0005321943404060773,
      "absM_se": 2.1623154875624437e-05,
      "U4": 0.010375941934477087,
      "U4_se": 0.14520444140590294,
      "chi": 0.0003190363871197527
    },
    "rw5_L40_pc0.0200": {
      "r_w": 5,
      "L": 40,
      "pc": 0.02,
      "absM": 0.0005752312350039632,
      "absM_se": 2.3307094034051422e-05,
      "U4": 0.0514100998174977,
      "U4_se": 0.11308233297286086,
      "chi": 0.0003154928211004606
    },
    "rw5_L40_pc0.0500": {
      "r_w": 5,
      "L": 40,
      "pc": 0.05,
      "absM": 0.0009704325348726658,
      "absM_se": 5.242636584295719e-05,
      "U4": 0.2573434475476741,
      "U4_se": 0.05236312314955305,
      "chi": 0.0003546149785947572
    },
    "rw5_L60_pc0.0050": {
      "r_w": 5,
      "L": 60,
      "pc": 0.005,
      "absM": 0.00045143682579287754,
      "absM_se": 4.5931305498339365e-05,
      "U4": 0.08030264293728057,
      "U4_se": 0.0478594040163661,