{
  "phase_A": {
    "xi0.40_rw2_pc0.0400": {
      "U4": -0.05147360246263416,
      "U4_se": 0.08621711336613769,
      "absM": 0.00013704587154483432,
      "absM_se": 7.432085183129829e-06
    },
    "xi0.40_rw3_pc0.0178": {
      "U4": 0.14336241698239555,
      "U4_se": 0.05537114369571562,
      "absM": 0.0002162670285088259,
      "absM_se": 8.628320602875959e-06
    },
    "xi0.40_rw4_pc0.0100": {
      "U4": 0.038016022910448144,
      "U4_se": 0.08238198700674192,
      "absM": 0.0002678586185575958,
      "absM_se": 1.6725356267113097e-05
    },
    "xi0.40_rw5_pc0.0064": {
      "U4": 0.12097876221897658,
      "U4_se": 0.03628019945001727,
      "absM": 0.00029548738526109244,
      "absM_se": 1.734860909039156e-05
    },
    "xi0.40_rw8_pc0.0025": {
      "U4": -0.004456942834366526,
      "U4_se": 0.0588775316061242,
      "absM": 0.0004195401036465569,
      "absM_se": 1.750729725988815e-05
    },
    "xi0.55_rw2_pc0.0756": {
      "U4": 0.17853525159018252,
      "U4_se": 0.07277182958394593,
      "absM": 0.00020946455099573547,
      "absM_se": 1.3312870732320848e-05
    },
    "xi0.55_rw3_pc0.0336": {
      "U4": 0.24533283467174283,
      "U4_se": 0.04029708189485958,
      "absM": 0.00027731522322986004,
      "absM_se": 1.366851178505649e-05
    },
    "xi0.55_rw4_pc0.0189": {
      "U4": 0.12262761539328887,
      "U4_se": 0.07100813342885465,
      "absM": 0.00031296193022897247,
      "absM_se": 2.514240079047774e-05
    },
    "xi0.55_rw5_pc0.0121": {
      "U4": 0.15595195043789717,
      "U4_se": 0.048195440536822835,
      "absM": 0.0003323430235779736,
      "absM_se": 1.5913107265540646e-05
    },
    "xi0.55_rw8_pc0.0047": {
      "U4": 0.017671261083741854,
      "U4_se": 0.05307563541549687,
      "absM": 0.0004304154846851713,
      "absM_se": 2.436387700677139e-05
    },
    "xi0.70_rw2_pc0.1225": {
      "U4": 0.41978679559003457,
      "U4_se": 0.04666807933407417,
      "absM": 0.00035188559018728405,
      "absM_se": 2.237911699244822e-05
    },
    "xi0.70_rw3_pc0.0544": {
      "U4": 0.3529554206597449,
      "U4_se": 0.03252257400022114,
      "absM": 0.00037456549446109527,
      "absM_se": 2.1779450547235997e-05
    },
    "xi0.70_rw4_pc0.0306": {
      "U4": 0.22924123682786923,
      "U4_se": 0.09045776265423723,
      "absM": 0.00040559195799922066,
      "absM_se": 3.567824976991782e-05
    },
    "xi0.70_rw5_pc0.0196": {
      "U4": 0.2476493700156131,
      "U4_se": 0.04161515886396888,
      "absM": 0.0003982465944078027,
      "absM_se": 1.8014820072928443e-05
    },
    "xi0.70_rw8_pc0.0077": {
      "U4": 0.07477558378954942,
      "U4_se": 0.058372765762688884,
      "absM": 0.0004676094965667949,
      "absM_se": 3.118895100617051e-05
    },
    "xi0.85_rw2_pc0.1806": {
      "U4": 0.543245919791222,
      "U4_se": 0.018139308101223356,
      "absM": 0.0005285202749063266,
      "absM_se": 2.429572059695892e-05
    },
    "xi0.85_rw3_pc0.0803": {
      "U4": 0.4812921936310453,
      "U4_se": 0.020018795932617284,
      "absM": 0.0005436077492454359,
      "absM_se": 2.4210054166647154e-05
    },
    "xi0.85_rw4_pc0.0452": {
      "U4": 0.3700531624798902,
      "U4_se": 0.05840295231466851,
      "absM": 0.000532515774324307,
      "absM_se": 4.2830842915116925e-05
    },
    "xi0.85_rw5_pc0.0289": {
      "U4": 0.3358497209616289,
      "U4_se": 0.03709258798526721,
      "absM": 0.000507922415581568,
      "absM_se": 2.1155419685031885e-05
    },
    "xi0.85_rw8_pc0.0113": {
      "U4": 0.15249037028611712,
      "U4_se": 0.05609915795606219,
      "absM": 0.0005376886700784597,
      "absM_se": 3.681158171128926e-05
    }
  },
  "phase_B": {
    "rw5_pc0.0040": {
      "U4": 0.10903878067514808,
      "U4_se": 0.047394798731838814,
      "absM": 0.0002770768059531557,
      "absM_se": 1.70410781137548e-05
    },
    "rw5_pc0.0060": {
      "U4": 0.1249533109804603,
      "U4_se": 0.04236337892311144,
      "absM": 0.0002848000293851489,
      "absM_se": 1.732174791031995e-05
    },
    "rw5_pc0.0080": {
      "U4": 0.14054507796517912,
      "U4_se": 0.037093459139506305,
      "absM": 0.0002958294839239622,
      "absM_se": 1.783151427876986e-05
    },
    "rw5_pc0.0100": {
      "U4": 0.16749921111742866,
      "U4_se": 0.032321894750534604,
      "absM": 0.0003102072178576681,
      "absM_se": 1.8096243679474007e-05
    },
    "rw5_pc0.0150": {
      "U4": 0.23376968479779187,
      "U4_se": 0.031084922708981853,
      "absM": 0.00034627497099764214,
      "absM_se": 1.9781343710284947e-05
    },
    "rw5_pc0.0200": {
      "U4": 0.2953361197139747,
      "U4_se": 0.030992081282906186,
      "absM": 0.0003958975209088021,
      "absM_se": 2.3868652361816408e-05
    },
    "rw5_pc0.0300": {
      "U4": 0.3873987958878642,
      "U4_se": 0.027259490539869,
      "absM": 0.0005266576576675413,
      "absM_se": 3.212137780242412e-05
    },
    "rw5_pc0.0500": {
      "U4": 0.5076542581252188,
      "U4_se": 0.01784198181675783,
      "absM": 0.000818069218137046,
      "absM_se": 3.7430840048521595e-05
    },
    "rw5_pc0.0800": {
      "U4": 0.5881431723116772,
      "U4_se": 0.010327388060641384,
      "absM": 0.0013129325538750888,
      "absM_se": 4.686561598912582e-05
    },
    "rw8_pc0.0020": {
      "U4": 0.009179931495926594,
      "U4_se": 0.0783072740617729,
      "absM": 0.0004100051191341288,
      "absM_se": 2.1469998404080978e-05
    },
    "rw8_pc0.0030": {
      "U4": 0.026031288076857215,
      "U4_se": 0.0727884096508236,
      "absM": 0.0004182957924313481,
      "absM_se": 2.401098259623356e-05
    },
    "rw8_pc0.0040": {
      "U4": 0.03894106962794683,
      "U4_se": 0.07308281753083053,
      "absM": 0.0004257808462320984,
      "absM_se": 2.5835333690397395e-05
    },
    "rw8_pc0.0060": {
      "U4": 0.056199161230735456,
      "U4_se": 0.07143535620808572,
      "absM": 0.00044592308439059166,
      "absM_se": 2.916314341014899e-05
    },
    "rw8_pc0.0100": {
      "U4": 0.14213155111235626,
      "U4_se": 0.06392935100988208,
      "absM": 0.0005222842757441678,
      "absM_se": 3.7327977913609265e-05
    },
    "rw8_pc0.0150": {
      "U4": 0.25860752793571234,
      "U4_se": 0.05056312597819081,
      "absM": 0.0006582909765386355,
      "absM_se": 4.353277504447885e-05
    },
    "rw8_pc0.0200": {
      "U4": 0.35234081751098717,
      "U4_se": 0.03956877761021459,
      "absM": 0.0008092620307239451,
      "absM_se": 4.458013942333779e-05
    },
    "rw8_pc0.0300": {
      "U4": 0.4867557909463729,
      "U4_se": 0.01656905085760084,
      "absM": 0.0011834129781670877,
      "absM_se": 4.3804756776597364e-05
    }
  },
  "phase_C": {
    "pc0.0100_L40": {
      "U4": -0.0732127166764627,
      "U4_se": 0.11834619088276815,
      "absM": 0.0005754087293697246,
      "absM_se": 3.482886834455474e-05
    },
    "pc0.0100_L60": {
      "U4": 0.14322620271477904,
      "U4_se": 0.026667348831195543,
      "absM": 0.00044255137340075694,
      "absM_se": 2.1955240157047937e-05
    },
    "pc0.0100_L80": {
      "U4": 0.16749921111742866,
      "U4_se": 0.032321894750534604,
      "absM": 0.0003102072178576681,
      "absM_se": 1.8096243679474007e-05
    },
    "pc0.0100_L100": {
      "U4": 0.06843197617628244,
      "U4_se": 0.059193895039190224,
      "absM": 0.0002687529100340092,
      "absM_se": 2.074348004525012e-05
    },
    "pc0.0100_L120": {
      "U4": 0.12333901842670024,
      "U4_se": 0.02470943384790185,
      "absM": 0.00020580302225283148,
      "absM_se": 8.019847671923108e-06
    },
    "pc0.0150_L40": {
      "U4": -0.08371693869486335,
      "U4_se": 0.13355401228826913,
      "absM": 0.0005847729526248188,
      "absM_se": 3.872304924037711e-05
    },
    "pc0.0150_L60": {
      "U4": 0.1589573991846001,
      "U4_se": 0.024943201941274452,
      "absM": 0.0004752454212931552,
      "absM_se": 1.6114413811753678e-05
    },
    "pc0.0150_L80": {
      "U4": 0.23376968479779187,
      "U4_se": 0.031084922708981853,