{
  "A,ss0,0": {
    "sg4": 0.04075164576942265,
    "write_rate": 1.0,
    "coll_site": 6.765625,
    "na_ratio": 0.8608208667673649
  },
  "A,ss0,1": {
    "sg4": 0.03905548722539195,
    "write_rate": 1.0,
    "coll_site": 6.94,
    "na_ratio": 1.4314154021000676
  },
  "A,ss0,2": {
    "sg4": 0.03331038196965938,
    "write_rate": 1.0,
    "coll_site": 6.769375,
    "na_ratio": 1.4074256760332717
  },
  "A,ss0,3": {
    "sg4": 0.03922178704004277,
    "write_rate": 1.0,
    "coll_site": 7.2525,
    "na_ratio": 0.8274219319919799
  },
  "A,ss0,4": {
    "sg4": 0.052357238961105806,
    "write_rate": 1.0,
    "coll_site": 6.961875,
    "na_ratio": 0.7300838148396508
  },
  "A,ss5,0": {
    "sg4": 0.029402939296024926,
    "write_rate": 0.6875775,
    "coll_site": 6.774375,
    "na_ratio": 1.032880300016339
  },
  "A,ss5,1": {
    "sg4": 0.02334062497764735,
    "write_rate": 0.6821191666666667,
    "coll_site": 6.970625,
    "na_ratio": 1.0999579267541397
  },
  "A,ss5,2": {
    "sg4": 0.017336436888443933,
    "write_rate": 0.68588375,
    "coll_site": 6.771875,
    "na_ratio": 0.8857408525398754
  },
  "A,ss5,3": {
    "sg4": 0.02332065555753223,
    "write_rate": 0.6796222916666667,
    "coll_site": 7.26,
    "na_ratio": 0.4651658443477328
  },
  "A,ss5,4": {
    "sg4": 0.02903585336943205,
    "write_rate": 0.6786383333333333,
    "coll_site": 6.96375,
    "na_ratio": 1.3884501930787445
  },
  "A,ss10,0": {
    "sg4": 0.028933834506060043,
    "write_rate": 0.679755,
    "coll_site": 6.774375,
    "na_ratio": 1.1563983655924857
  },
  "A,ss10,1": {
    "sg4": 0.022509231645081926,
    "write_rate": 0.6751089583333333,
    "coll_site": 6.901875,
    "na_ratio": 1.0742047918985815
  },
  "A,ss10,2": {
    "sg4": 0.017598263272287078,
    "write_rate": 0.677286875,
    "coll_site": 6.77875,
    "na_ratio": 0.7926039824424489
  },
  "A,ss10,3": {
    "sg4": 0.02349387269063014,
    "write_rate": 0.671994375,
    "coll_site": 7.255625,
    "na_ratio": 0.6316239451583351
  },
  "A,ss10,4": {
    "sg4": 0.02946212926737012,
    "write_rate": 0.6710152083333333,
    "coll_site": 6.915625,
    "na_ratio": 1.6500825093465656
  },
  "A,ss15,0": {
    "sg4": 0.02877010930416211,
    "write_rate": 0.6720845833333333,
    "coll_site": 6.774375,
    "na_ratio": 0.7313855538593311
  },
  "A,ss15,1": {
    "sg4": 0.020923642361315876,
    "write_rate": 0.6668039583333333,
    "coll_site": 6.9725,
    "na_ratio": 1.0097924642304366
  },
  "A,ss15,2": {
    "sg4": 0.016014129231078582,
    "write_rate": 0.669318125,
    "coll_site": 6.78375,
    "na_ratio": 0.7107090705149557
  },
  "A,ss15,3": {
    "sg4": 0.021124531918791305,
    "write_rate": 0.663265,
    "coll_site": 7.285625,
    "na_ratio": 0.562466062762806
  },
  "A,ss15,4": {
    "sg4": 0.02884371766354523,
    "write_rate": 0.6622933333333333,
    "coll_site": 6.95375,
    "na_ratio": 1.4357397111262917
  },
  "A,ss20,0": {
    "sg4": 0.028526106693325472,
    "write_rate": 0.6645620833333333,
    "coll_site": 6.774375,
    "na_ratio": 0.7310348716115393
  },
  "A,ss20,1": {
    "sg4": 0.019412935006466396,
    "write_rate": 0.658883125,
    "coll_site": 6.980625,
    "na_ratio": 1.1428972931254557
  },
  "A,ss20,2": {
    "sg4": 0.016882576053890378,
    "write_rate": 0.6602454166666667,
    "coll_site": 6.789375,
    "na_ratio": 0.9174543505043141
  },
  "A,ss20,3": {
    "sg4": 0.021261056587954727,
    "write_rate": 0.6547664583333334,
    "coll_site": 7.260625,
    "na_ratio": 0.45250911325263243
  },
  "A,ss20,4": {
    "sg4": 0.027543486312633318,
    "write_rate": 0.6543191666666667,
    "coll_site": 6.93875,
    "na_ratio": 1.5946516479150294
  },
  "A,rand_p60,0": {
    "sg4": 0.03832247929497739,
    "write_rate": 0.5999079166666667,
    "coll_site": 6.77,
    "na_ratio": 0.7403844170562554
  },
  "A,rand_p60,1": {
    "sg4": 0.04286637035619946,
    "write_rate": 0.600128125,
    "coll_site": 6.911875,
    "na_ratio": 1.9624526493945176
  },
  "A,rand_p60,2": {
    "sg4": 0.032287569165457414,
    "write_rate": 0.5999685416666667,
    "coll_site": 6.781875,
    "na_ratio": 1.5495691640244662
  },
  "A,rand_p60,3": {
    "sg4": 0.04040594051071063,
    "write_rate": 0.59973875,
    "coll_site": 7.24375,
    "na_ratio": 1.088759175000712
  },
  "A,rand_p60,4": {
    "sg4": 0.051841728528027424,
    "write_rate": 0.600160625,
    "coll_site": 6.94875,
    "na_ratio": 1.385566064869592
  },
  "B,r1,omega_const,0": {
    "sg4": 0.01560646212165755,
    "write_rate": 0.7342272916666667,
    "coll_site": 5.535625,
    "na_ratio": 0.5953875366252038
  },
  "B,r1,omega_const,1": {
    "sg4": 0.015671439383394978,
    "write_rate": 0.7318060416666666,
    "coll_site": 5.755625,
    "na_ratio": 1.119761759002881
  },
  "B,r1,omega_const,2": {
    "sg4": 0.01502766318342604,
    "write_rate": 0.7332922916666667,
    "coll_site": 6.190625,
    "na_ratio": 0.854140836743646
  },
  "B,r1,omega_const,3": {
    "sg4": 0.020506487265686827,
    "write_rate": 0.73137875,
    "coll_site": 6.171875,
    "na_ratio": 0.5672124482830452
  },
  "B,r1,omega_const,4": {
    "sg4": 0.023502993377496638,
    "write_rate": 0.7273483333333334,
    "coll_site": 5.734375,
    "na_ratio": 0.4467907396659135
  },
  "B,r1,wr_const,0": {
    "sg4": 0.009130751746252523,
    "write_rate": 0.7858872916666667,
    "coll_site": 2.199375,
    "na_ratio": 0.7588004912767459
  },
  "B,r1,wr_const,1": {
    "sg4": 0.012366536974319465,
    "write_rate": 0.7838672916666667,
    "coll_site": 2.29625,
    "na_ratio": 1.424398354532531
  },
  "B,r1,wr_const,2": {
    "sg4": 0.013417640840367078,
    "write_rate": 0.785796875,
    "coll_site": 2.384375,
    "na_ratio": 1.34116323387155
  },
  "B,r1,wr_const,3": {
    "sg4": 0.01115512181078773,
    "write_rate": 0.783313125,
    "coll_site": 2.601875,
    "na_ratio": 1.5599079138860967
  },
  "B,r1,wr_const,4": {
    "sg4": 0.011481229076420131,
    "write_rate": 0.7830908333333333,
    "coll_site": 2.28375,
    "na_ratio": 1.147779914410678
  },
  "B,r2,omega_const,0": {
    "sg4": 0.028933834506060043,
    "write_rate": 0.679755,
    "coll_site": 6.774375,
    "na_ratio": 1.1563983655924857
  },
  "B,r2,omega_const,1": {
    "sg4": 0.022509231645081926,
    "write_rate": 0.6751089583333333,
    "coll_site": 6.901875,
    "na_ratio": 1.0742047918985815
  },
  "B,r2,omega_const,2": {
    "sg4": 0.017598263272287078,
    "write_rate": 0.677286875,
    "coll_site": 6.77875,
    "na_ratio": 0.7926039824424489
  },
  "B,r2,omega_const,3": {
    "sg4": 0.02349387269063014,
    "write_rate": 0.671994375,
    "coll_site": 7.255625,
    "na_ratio": 0.6316239451583351
  },
  "B,r2,omega_const,4": {
    "sg4": 0.02946212926737012,
    "write_rate": 0.6710152083333333,
    "coll_site": 6.915625,
    "na_ratio": 1.6500825093465656
  },
  "B,r2,wr_const,0": {
    "sg4": 0.028933834506060043,
    "write_rate": 0.679755,
    "coll_site": 6.774375,
    "na_ratio": 1.1563983655924857
  },
  "B,r2,wr_const,1": {
    "sg4": 0.022509231645081926,
    "write_rate": 0.6751089583333333,
    "coll_site": 6.901875,
    "na_ratio": 1.0742047918985815
  },
  "B,r2,wr_const,2": {
    "sg4": 0.017598263272287078,
    "write_rate": 0.677286875,
    "coll_site": 6.77875,
    "na_ratio": 0.7926039824424489
  },
  "B,r2,wr_const,3": {
    "sg4": 0.02349387269063014,
    "write_rate": 0.671994375,
    "coll_site": 7.255625,
    "na_ratio": 0.6316239451583351
  },
  "B,r2,wr_const,4": {
    "sg4": 0.02946212926737012,
    "write_rate": 0.6710152083333333,
    "coll_site": 6.915625,
    "na_ratio": 1.6500825093465656
  },
  "B,r3,omega_const,0": {
    "sg4": 0.02814624950995171,
    "write_rate": 0.6325175,
    "coll_site": 7.96625,
    "na_ratio": 0.5507654365192299
  },
  "B,r3,omega_const,1": {
    "sg4": 0.023904129811930807,
    "write_rate": 0.6385691666666666,
    "coll_site": 7.5375,
    "na_ratio": 1.2219685138356369
  },
  "B,r3,omega_const,2": {
    "sg4": 0.019603769127069164,