{
  "exp_a": {
    "ss0": {
      "sg4_mean": 0.04093930819312451,
      "sg4_se": 0.002793589346203265,
      "wr_mean": 1.0,
      "sg4_vals": [
        0.04075164576942265,
        0.03905548722539195,
        0.03331038196965938,
        0.03922178704004277,
        0.052357238961105806
      ]
    },
    "ss5": {
      "sg4_mean": 0.024487302017816102,
      "sg4_se": 0.001986591186383524,
      "wr_mean": 0.6827682083333333,
      "sg4_vals": [
        0.029402939296024926,
        0.02334062497764735,
        0.017336436888443933,
        0.02332065555753223,
        0.02903585336943205
      ]
    },
    "ss10": {
      "sg4_mean": 0.02439946627628586,
      "sg4_se": 0.001968151425164895,
      "wr_mean": 0.6750320833333333,
      "sg4_vals": [
        0.028933834506060043,
        0.022509231645081926,
        0.017598263272287078,
        0.02349387269063014,
        0.02946212926737012
      ]
    },
    "ss15": {
      "sg4_mean": 0.023135226095778623,
      "sg4_se": 0.002226951270196421,
      "wr_mean": 0.6667529999999999,
      "sg4_vals": [
        0.02877010930416211,
        0.020923642361315876,
        0.016014129231078582,
        0.021124531918791305,
        0.02884371766354523
      ]
    },
    "ss20": {
      "sg4_mean": 0.022725232130854055,
      "sg4_se": 0.0020407593816429525,
      "wr_mean": 0.65855525,
      "sg4_vals": [
        0.028526106693325472,
        0.019412935006466396,
        0.016882576053890378,
        0.021261056587954727,
        0.027543486312633318
      ]
    },
    "rand_p60": {
      "sg4_mean": 0.041144817571074466,
      "sg4_se": 0.002859021021166596,
      "wr_mean": 0.5999807916666666,
      "sg4_vals": [
        0.03832247929497739,
        0.04286637035619946,
        0.032287569165457414,
        0.04040594051071063,
        0.051841728528027424
      ]
    },
    "ss10_vs_rand_t": -4.315077535927253,
    "ss10_vs_rand_p": 0.0025630326067603883
  },
  "exp_b": {
    "r1_omega_const": {
      "r_wave": 1,
      "phi_w": 5,
      "wr": 12.48,
      "sg4_mean": 0.01806300906633241,
      "sg4_se": 0.0015037495547470228,
      "sg4_vals": [
        0.01560646212165755,
        0.015671439383394978,
        0.01502766318342604,
        0.020506487265686827,
        0.023502993377496638
      ]
    },
    "r1_wr_const": {
      "r_wave": 1,
      "phi_w": 5,
      "wr": 4.8,
      "sg4_mean": 0.011510256089629385,
      "sg4_se": 0.0006375056826252108,
      "sg4_vals": [
        0.009130751746252523,
        0.012366536974319465,
        0.013417640840367078,
        0.01115512181078773,
        0.011481229076420131
      ]
    },
    "r2_omega_const": {
      "r_wave": 2,
      "phi_w": 13,
      "wr": 4.8,
      "sg4_mean": 0.02439946627628586,
      "sg4_se": 0.001968151425164895,
      "sg4_vals": [
        0.028933834506060043,
        0.022509231645081926,
        0.017598263272287078,
        0.02349387269063014,
        0.02946212926737012
      ]
    },
    "r2_wr_const": {
      "r_wave": 2,
      "phi_w": 13,
      "wr": 4.8,
      "sg4_mean": 0.02439946627628586,
      "sg4_se": 0.001968151425164895,
      "sg4_vals": [
        0.028933834506060043,
        0.022509231645081926,
        0.017598263272287078,
        0.02349387269063014,
        0.02946212926737012
      ]
    },
    "r3_omega_const": {
      "r_wave": 3,
      "phi_w": 25,
      "wr": 2.496,
      "sg4_mean": 0.023457437148435355,
      "sg4_se": 0.0014533099781714083,
      "sg4_vals": [
        0.02814624950995171,
        0.023904129811930807,
        0.019603769127069164,
        0.020082845170470306,
        0.0255501921227548
      ]
    },
    "r3_wr_const": {
      "r_wave": 3,
      "phi_w": 25,
      "wr": 4.8,
      "sg4_mean": 0.03136325412983248,
      "sg4_se": 0.0021404786207281303,
      "sg4_vals": [
        0.039542191851302734,
        0.02581107800245225,
        0.027750942963223314,
        0.030574410759354353,
        0.03313764707282974
      ]
    }
  }
}